"iso3c","date","region","income_level","data_papers_3yr","SPI.INDEX.PIL4.5_3yr","SP.POP.TOTL","NY.GDP.PCAP.PP.KD","SPI.INDEX.PIL2_3yr","SPI.INDEX.PIL4_3yr","SPI.INDEX.PIL5_3yr","SPI.INDEX.PIL2","SPI.INDEX.PIL4","SPI.INDEX.PIL5","NY.GDP.PCAP.PP.KD_3yr","SP.POP.TOTL_3yr","qual_papers_3yr","data_papers_pcap_3yr","data_use_reg_adjusted_3yr","qual_papers_3yr_plus1","data_use_reg_adjusted_3yr_v2","SPI.INDEX.PIL4_3yr_reg_adjusted_3yr_v2","category","category_adj","category_adj_both"
"AFG",2019,"South Asia","Low income",19,24.9291666666667,37769499,2079.92186098824,47.9444444444444,14.8583333333333,35,59.9,15.575,35,2078.90464815653,36699900.3333333,8,0.517712577620897,-0.0863472538745507,9,-0.593523759257761,-18.9194838044944,"Data Desert","Data Desert","Data Desert"
"AGO",2019,"Sub-Saharan Africa","Lower middle income",6,34.3166666666667,32353588,6602.26921128365,46.3333333333333,28.6333333333333,40,57.3,28.8666666666667,40,6898.97353640725,31278583,2.33333333333333,0.191824546527571,-1.8631552265907,3.33333333333333,-1.08266467482878,-12.1356380085481,"Data Desert","Data Desert","Data Desert"
"BDI",2019,"Sub-Saharan Africa","Low income",4,28.0763888888889,11874838,729.658462620426,61.0444444444444,21.1527777777778,35,61.7,18.9666666666667,35,740.298100474229,11507967.6666667,1.33333333333333,0.34758526577948,-0.0874405016599964,2.33333333333333,-0.459399029002244,3.79380036304246,"Data Desert","Data Desert","Data Swamp"
"BEN",2019,"Sub-Saharan Africa","Lower middle income",13.6666666666667,30.2930555555556,12290444,3156.43895692884,57.3888888888889,32.2527777777778,28.3333333333333,58.3,29.65,25,3043.48128713011,11942635.3333333,1.66666666666667,1.14435937171433,0.228433260340511,2.66666666666667,0.372454914714027,-0.061180415728586,"Data Desert","Data Oasis","Data Oasis"
"BFA",2019,"Sub-Saharan Africa","Low income",9.66666666666667,31.5069444444444,20951639,2110.06231119074,59.5222222222222,28.0138888888889,35,59.5666666666667,31.525,35,2046.47858447091,20393406.6666667,0,0.474009410230954,-0.29040147164296,1,0.781158357348889,5.49335363488096,"Data Desert","Data Oasis","Data Lake"
"BGD",2019,"South Asia","Lower middle income",137.333333333333,36.2763888888889,165516222,5467.20752090206,61.7,47.5527777777778,25,61.6,44.775,25,5140.82745272373,163664714.666667,12,0.839113877496673,0.15047859408004,13,0.455402417551395,4.22424258920056,"Data Desert","Data Oasis","Data Lake"
"CHN",2019,"East Asia & Pacific","Upper middle income",1257,45.8305555555556,1407745000,15977.7638279876,46.4444444444444,34.9944444444444,56.6666666666667,46.4,36.6166666666667,65,15118.4306856898,1402240000,144,0.896422866271109,0.00178119932728293,145,-0.228997598994059,-29.8499975011532,"Data Desert","Data Desert","Data Desert"
"CIV",2019,"Sub-Saharan Africa","Lower middle income",3.66666666666667,31.6875,26147551,5132.34156942981,59.6444444444444,36.7083333333333,26.6666666666667,59.9,37.1666666666667,25,4970.0612489962,25496518.3333333,0.333333333333333,0.14381048497406,-1.98998027369722,1.33333333333333,-0.670225453233589,3.92295524648789,"Data Desert","Data Desert","Data Swamp"
"CMR",2019,"Sub-Saharan Africa","Lower middle income",20.3333333333333,33.1944444444444,25782341,3756.50956165869,61.6111111111111,31.3888888888889,35,61.5666666666667,26.2916666666667,35,3726.70184432855,25084089.6666667,2.66666666666667,0.810606787152159,-0.0842225022005012,3.66666666666667,0.240164986025913,-3.89605116929755,"Data Desert","Data Oasis","Data Oasis"
"COD",2019,"Sub-Saharan Africa","Low income",19.6666666666667,18.1666666666667,89906890,1059.89211136718,36.8555555555556,18,18.3333333333333,26.2666666666667,18.175,20,1043.89279710905,87092506,3.33333333333333,0.225813535169911,-0.300601879969172,4.33333333333333,-0.0581812174987753,-4.02405615223999,"Data Desert","Data Desert","Data Desert"
"COL",2019,"Latin America & Caribbean","Upper middle income",65.3333333333333,46.6236111111111,50187406,14616.1351241706,84.2777777777778,43.2472222222222,50,84.2666666666667,46.4416666666667,55,14459.1613715579,49272012.6666667,12.3333333333333,1.32597249021111,-0.295143094155493,13.3333333333333,-0.153760638267612,-11.9123881800329,"Data Desert","Data Desert","Data Desert"
"DJI",2019,"Middle East & North Africa","Lower middle income",1.33333333333333,20.8069444444444,1073994,4768.11300470727,49.0555555555556,21.6138888888889,20,60.3666666666667,16.0583333333333,25,4603.05839237542,1057141.66666667,0.666666666666667,1.26126268160212,-0.451539582292608,1.66666666666667,-0.918000033502105,-14.8974733609835,"Data Desert","Data Desert","Data Desert"
"DOM",2019,"Latin America & Caribbean","Upper middle income",9.33333333333333,43.0013888888889,10881882,18171.0609627655,65.5777777777778,29.3361111111111,56.6666666666667,65.6,35.2666666666667,60,17393.2388535833,10764885.6666667,2.33333333333333,0.867016485110834,-1.16084461937001,3.33333333333333,-0.503938436823474,-21.8845100244226,"Data Desert","Data Desert","Data Desert"
"DZA",2019,"Middle East & North Africa","Lower middle income",13,41.2597222222222,42705368,11627.2799177398,48.8333333333333,50.8527777777778,31.6666666666667,60.1333333333333,48.25,40,11720.88023085,41922973.6666667,1.66666666666667,0.310092506876162,-1.65149071913744,2.66666666666667,-0.307565517492431,6.2234620995814,"Data Desert","Data Desert","Data Swamp"
"ECU",2019,"Latin America & Caribbean","Upper middle income",28.3333333333333,48.9541666666667,17343740,11390.2169659569,87.5888888888889,51.2416666666667,46.6666666666667,87.7333333333333,55.5916666666667,45,11559.3554166902,17018785.3333333,5.33333333333333,1.66482700018779,-0.155057471342851,6.33333333333333,0.00250319754104344,1.20467068226512,"Data Desert","Data Desert","Data Desert"
"ETH",2019,"Sub-Saharan Africa","Low income",161.333333333333,24.3236111111111,114120594,2181.65887703263,59.5333333333333,33.6472222222222,15,59.9666666666667,31.6166666666667,15,2079.02804243217,111149327.333333,12,1.45150076211887,1.18158626763529,13,0.904834863160122,-0.938001256219302,"Data Desert","Data Oasis","Data Oasis"
"GAB",2019,"Sub-Saharan Africa","Upper middle income",2.66666666666667,17.0166666666667,2242785,14478.0017220931,23.7333333333333,14.0333333333333,20,23.7333333333333,14.9833333333333,20,14403.5312414464,2191670.66666667,0,1.21672781737889,-1.04456109927302,1,-0.223816111558752,-30.521491921827,"Data Desert","Data Desert","Data Desert"
"GIN",2019,"Sub-Saharan Africa","Lower middle income",12,15.1791666666667,12877539,2545.1402015108,61.6,20.3583333333333,10,61.4,20.9083333333333,20,2466.81269037416,12557730.6666667,0.666666666666667,0.955586667569873,0.190210702855476,1.66666666666667,0.668860812865754,-7.27627392157338,"Data Desert","Data Oasis","Data Oasis"
"GNB",2019,"Sub-Saharan Africa","Low income",0.333333333333333,18.1416666666667,1970457,1890.53310322385,49.6444444444444,16.2833333333333,20,27.2666666666667,17.7583333333333,20,1871.57631006634,1925079.33333333,0.666666666666667,0.173153037156218,-1.7464983033523,1.66666666666667,-2.30805559981863,-10.5127562051397,"Data Desert","Data Desert","Data Desert"
"HND",2019,"Latin America & Caribbean","Lower middle income",8.33333333333333,42.35,9958829,5613.66058791544,62.1111111111111,44.7,40,62.3666666666667,46.6583333333333,40,5540.87397090614,9792840.33333333,2,0.850961830243258,-0.484757373365827,3,-0.279395794619425,5.49893851890175,"Data Desert","Data Desert","Data Swamp"
"HTI",2019,"Latin America & Caribbean","Lower middle income",11.6666666666667,19.7305555555556,11160438,3112.29594285407,31.1555555555556,19.4611111111111,20,19.6666666666667,16.6833333333333,20,3173.92258501758,11012134,2.33333333333333,1.05943740483604,0.107742956792686,3.33333333333333,0.0397785349657971,-14.5504206787463,"Data Desert","Data Oasis","Data Oasis"
"IDN",2019,"East Asia & Pacific","Upper middle income",331.333333333333,49.1125,269582878,11857.7891170417,86.9777777777778,44.8916666666667,53.3333333333333,87.3333333333333,43.7916666666667,55,11399.0471564802,267049524.333333,76,1.2407186800294,0.148569673522806,77,-0.478766466193984,-15.4523715544791,"Data Desert","Data Desert","Data Desert"
"IRQ",2019,"Middle East & North Africa","Upper middle income",34.3333333333333,29.2236111111111,41563520,10299.3162890193,24.9555555555556,23.4472222222222,35,25,22.0583333333333,35,10090.4069146528,40591794,10.6666666666667,0.845819559818749,-0.561332491500472,11.6666666666667,-0.556854141111446,-27.5680850503754,"Data Desert","Data Desert","Data Desert"
"KHM",2019,"East Asia & Pacific","Lower middle income",24,44.6833333333333,16207746,4464.29444969141,59.3222222222222,47.7,41.6666666666667,59.2,46.375,45,4218.21346819387,16021224.3333333,4,1.49801285473959,0.356550395091098,5,0.249904177489919,9.0440994576839,"Data Desert","Data Oasis","Data Lake"
"LBR",2019,"Sub-Saharan Africa","Low income",8.66666666666667,32.5236111111111,4985289,1455.63764867217,28.9555555555556,31.7138888888889,33.3333333333333,28.8333333333333,26.4833333333333,45,1503.59411907657,4890437,0.666666666666667,1.77216610022104,0.915557697581846,1.66666666666667,0.717006551273401,8.09949422723499,"Data Desert","Data Oasis","Data Lake"
"LBY",2019,"Middle East & North Africa","Upper middle income",7.33333333333333,18.1027777777778,6569088,22535.4456198617,20.2444444444444,16.2055555555556,20,20.6333333333333,10.7916666666667,20,24160.8417250954,6475047.33333333,3.66666666666667,1.13255285341029,-1.20783881914867,4.66666666666667,-0.945281845011318,-40.6573424771031,"Data Desert","Data Desert","Data Desert"
"LSO",2019,"Sub-Saharan Africa","Lower middle income",1.66666666666667,39.3041666666667,2225702,2452.02766699795,63.2444444444444,38.6083333333333,40,63.2666666666667,39.6666666666667,40,2508.58500394346,2198112,0,0.758226453732415,-0.424423505731392,1,-0.358437327629329,11.7132159009556,"Data Desert","Data Desert","Data Swamp"
"MAR",2019,"Middle East & North Africa","Lower middle income",26,38.2208333333333,36304408,8217.5986328125,83.9222222222222,28.1083333333333,48.3333333333333,88.4,28.525,50,8070.43473307292,35920011.3333333,3.33333333333333,0.723830506586514,-0.603612654336211,4.33333333333333,0.0888951294820619,-15.4993322118722,"Data Desert","Data Oasis","Data Oasis"
"MDG",2019,"Sub-Saharan Africa","Low income",15.6666666666667,22.5638888888889,27533134,1585.47165110942,43.6333333333333,15.1277777777778,30,56.3,21.0083333333333,30,1563.65020723111,26849739,0.666666666666667,0.583494188404091,0.144443162489722,1.66666666666667,0.79892629605655,-7.11040583221205,"Data Desert","Data Oasis","Data Oasis"
"MLI",2019,"Sub-Saharan Africa","Low income",7,31.95,20567424,2219.04674252443,62.9444444444444,35.5666666666667,28.3333333333333,63.1,35.7083333333333,30,2186.15599039157,19937692.3333333,2.33333333333333,0.351093791747246,-0.636678563333951,3.33333333333333,-0.574512553873845,5.93920637745956,"Data Desert","Data Desert","Data Swamp"
"MMR",2019,"East Asia & Pacific","Lower middle income",33.6666666666667,38.5166666666667,53040212,4829.53670703209,55.3888888888889,42.0333333333333,35,67.0666666666667,42.9416666666667,35,4566.25508828411,52664855.6666667,9,0.63926248805758,-0.290020693663402,10,-0.36929069024013,0.120639549691703,"Data Desert","Data Desert","Data Desert"
"MOZ",2019,"Sub-Saharan Africa","Low income",16,35.5472222222222,30285595,1285.18275959651,57.5444444444445,34.4277777777778,36.6666666666667,57.6333333333333,36.175,40,1288.43842714029,29426304.6666667,2.33333333333333,0.543731201768069,0.214471431459448,3.33333333333333,0.238997898224691,10.5466634010255,"Data Desert","Data Oasis","Data Lake"
"MRT",2019,"Sub-Saharan Africa","Lower middle income",3,27.3625,4383849,5505.64633125718,51.0888888888889,24.725,30,62.4666666666667,25.0833333333333,35,5377.30927779697,4271525.33333333,0.666666666666667,0.702325227147586,-0.835478512674087,1.66666666666667,-0.549098227125268,-11.9040700823855,"Data Desert","Data Desert","Data Desert"
"MWI",2019,"Sub-Saharan Africa","Low income",24,28.4208333333333,18867337,1517.70316939192,61.4777777777778,35.175,21.6666666666667,61.2333333333333,35.425,30,1483.63516583317,18372129,1,1.30632655583901,0.902052559104898,2,1.19202710263764,12.1010479342591,"Data Desert","Data Oasis","Data Lake"
"NER",2019,"Sub-Saharan Africa","Low income",23,34.3333333333333,23443393,1217.44598648234,61.6,37,31.6666666666667,61.9666666666667,37.275,35,1188.89505397633,22586124.3333333,2.33333333333333,1.01832433314182,0.835597494216215,3.33333333333333,0.695449959757015,13.6559356102951,"Data Desert","Data Oasis","Data Lake"
"NGA",2019,"Sub-Saharan Africa","Lower middle income",253,36.4555555555556,203304492,5076.36829020617,61.9444444444444,32.9111111111111,40,62.4,30.6333333333333,40,5095.38384066874,198396007.333333,39.6666666666667,1.27522727599515,0.615728379452436,40.6666666666667,0.0385984147304113,-16.2054101531202,"Data Desert","Data Oasis","Data Oasis"
"NIC",2019,"Latin America & Caribbean","Lower middle income",9,27.1791666666667,6663924,5398.09441484394,48.8888888888889,27.6916666666667,26.6666666666667,60.0333333333333,27.875,35,5650.04667584557,6572229.66666667,1,1.36939827980246,-0.106502108882264,2,0.25732829667998,-9.9605733595483,"Data Desert","Data Oasis","Data Oasis"
"PAK",2019,"South Asia","Lower middle income",171.666666666667,34.0444444444444,223293280,5157.546571801,60.3777777777778,36.4222222222222,31.6666666666667,60.9666666666667,39.1166666666667,30,5054.23354601892,219801471.333333,21,0.781007814121183,0.1524197905215,22,0.146076077395512,-9.23159693525007,"Data Desert","Data Oasis","Data Oasis"
"PER",2019,"Latin America & Caribbean","Upper middle income",50.3333333333333,44.2277777777778,32824861,12735.16827797,86.0111111111111,51.7888888888889,36.6666666666667,85.7666666666667,51.1333333333333,40,12624.7170098313,32211430.3333333,9.66666666666667,1.56259231001136,-0.137061031831825,10.6666666666667,-0.0727352944481066,-1.25311966070799,"Data Desert","Data Desert","Data Desert"
"PNG",2019,"East Asia & Pacific","Lower middle income",12,18.4,9542486,3947.93392384711,44.3,18.4666666666667,18.3333333333333,55.2666666666667,18.2833333333333,20,3926.65387897413,9328836.33333333,2.66666666666667,1.28633406903305,0.133291264329975,3.66666666666667,-0.00532631588887211,-18.3754096147611,"Data Desert","Data Desert","Data Desert"
"SDN",2019,"Sub-Saharan Africa","Low income",26.3333333333333,19.5833333333333,43232093,4133.13037109375,45.7111111111111,25.8333333333333,13.3333333333333,57.9333333333333,18.8166666666667,10,4365.43017578125,41970326.6666667,3.66666666666667,0.627427409428471,-0.329150058316819,4.66666666666667,0.110706662453458,-11.7994352643283,"Data Desert","Data Oasis","Data Oasis"
"SEN",2019,"Sub-Saharan Africa","Lower middle income",21.3333333333333,41.7166666666667,16000781,3430.48388209103,75.3666666666667,40.1,43.3333333333333,81.0333333333333,39.9166666666667,50,3352.84501929068,15577827.6666667,2.66666666666667,1.36946779678288,0.40434435024181,3.66666666666667,0.449107366462689,5.38737911718943,"Data Desert","Data Oasis","Data Lake"
"SLE",2019,"Sub-Saharan Africa","Low income",7,23.7291666666667,8046828,1655.84325026579,63.8222222222222,27.4583333333333,20,65.2333333333333,30.1333333333333,20,1619.89393363683,7861891.33333333,1.33333333333333,0.890370993849911,0.282224180281142,2.33333333333333,0.0620118192313017,1.79205106086607,"Data Desert","Data Oasis","Data Oasis"
"SLV",2019,"Latin America & Caribbean","Upper middle income",4.66666666666667,48.4930555555556,6280217,9023.0265751173,79.5222222222222,46.9861111111111,50,79.9333333333333,44.9333333333333,60,8817.71641028474,6274404.33333333,1,0.74376250218281,-1.00504001106641,2,-0.471396888152318,4.78901563088843,"Data Desert","Data Desert","Data Swamp"
"SOM",2019,"Sub-Saharan Africa","Low income",6.33333333333333,0,15981300,1138.28593747493,24.7111111111111,0,0,36.0333333333333,0,0,1098.64090049596,15418871.6666667,3.33333333333333,0.410752062164514,-0.104637890363593,4.33333333333333,-0.690134664203553,-24.3418897201655,"Data Desert","Data Desert","Data Desert"
"SSD",2019,"Sub-Saharan Africa","Low income",4.33333333333333,22.7930555555556,10447666,NA,19.5444444444444,17.2527777777778,28.3333333333333,41.7666666666667,14.8916666666667,30,NA,10500407,2.33333333333333,0.412682416341894,NA,3.33333333333333,NA,NA,"Data Desert",NA,NA
"SYR",2019,"Middle East & North Africa","Low income",13.3333333333333,21.2083333333333,20098251,NA,24.0111111111111,17.4166666666667,25,24.8333333333333,17.7416666666667,25,NA,19471695.6666667,7.66666666666667,0.684754608000498,NA,8.66666666666667,NA,NA,"Data Desert",NA,NA
"TCD",2019,"Sub-Saharan Africa","Low income",3.66666666666667,15.3083333333333,16126866,1561.99667256928,29.3111111111111,15.6166666666667,15,51.5333333333333,17.2833333333333,15,1568.43373539703,15605653.3333333,1.66666666666667,0.234957588019384,-0.88316985902325,2.66666666666667,-0.894634925212299,-9.72176886180445,"Data Desert","Data Desert","Data Desert"
"TGO",2019,"Sub-Saharan Africa","Low income",11.6666666666667,38.9402777777778,8243094,2073.12978101301,59.5666666666667,37.8805555555556,40,59.8333333333333,41.025,45,2023.30543199159,8047522.66666667,1,1.44972150435695,0.635709496614247,2,0.654642806616129,10.8135717349548,"Data Desert","Data Oasis","Data Lake"
"TJK",2019,"Europe & Central Asia","Lower middle income",2.33333333333333,45.8833333333333,9337003,3575.28195629146,31.5333333333333,41.7666666666667,50,31.3666666666667,41.9416666666667,50,3405.61162582455,9130220,1.33333333333333,0.255561567337187,-1.39841535390419,2.33333333333333,-1.2236978878428,8.74921026410601,"Data Desert","Data Desert","Data Swamp"
"TKM",2019,"Europe & Central Asia","Upper middle income",1,10.375,6158420,14992.6039650936,2.44444444444444,12.4166666666667,8.33333333333333,0.633333333333333,13.3333333333333,15,14339.0854204875,6063956.33333333,1,0.164908839218224,-2.82258642005338,2,-2.0953177863521,-34.728014607572,"Data Desert","Data Desert","Data Desert"
"TUN",2019,"Middle East & North Africa","Lower middle income",23.3333333333333,37.9875,12049314,11113.8028778222,83.4111111111111,49.3083333333333,26.6666666666667,85.6666666666667,49.8083333333333,30,11011.8068710418,11931266,4,1.95564605913013,-0.0396983461260412,5,0.124115087611907,0.651857718222281,"Data Desert","Data Oasis","Data Oasis"
"TZA",2019,"Sub-Saharan Africa","Lower middle income",86.6666666666667,43.6652777777778,59872579,2577.78955078125,60.5333333333333,40.6638888888889,46.6666666666667,60.7,39.275,45,2515.40454101563,58076684.6666667,8.33333333333333,1.49227985660844,0.951345630206081,9.33333333333333,0.720959713965705,5.24435818114217,"Data Desert","Data Oasis","Data Lake"
"UKR",2019,"Europe & Central Asia","Lower middle income",37.3333333333333,68.5541666666667,44386203,12804.955078125,45.9666666666667,50.4416666666667,86.6666666666667,46.0666666666667,49.0166666666667,100,12334.1474609375,44613285.3333333,25,0.836820984027359,-0.677324092415295,26,-1.22307121577874,-6.77453330093485,"Data Desert","Data Desert","Data Desert"
"UZB",2019,"Europe & Central Asia","Lower middle income",4,48.3666666666667,33580350,7403.74278036323,33.7444444444444,31.7333333333333,65,56,33.425,65,7120.88545109089,32975016.6666667,1,0.12130395688453,-2.32992773971729,2,-1.07412666694195,-6.57815045865222,"Data Desert","Data Desert","Data Desert"
"VEN",2019,"Latin America & Caribbean","Not classified",10,31.7638888888889,28971683,NA,59.9555555555556,38.5277777777778,25,59.9,35.75,25,NA,29786923,3,0.335717791327422,NA,4,NA,NA,"Data Desert",NA,NA
"YEM",2019,"Middle East & North Africa","Low income",13,21.875,31546691,NA,25.5333333333333,20.4166666666667,23.3333333333333,25.5333333333333,20.4166666666667,20,NA,30790531,3,0.422207723536824,NA,4,NA,NA,"Data Desert",NA,NA
"ZMB",2019,"Sub-Saharan Africa","Lower middle income",31.6666666666667,38.1291666666667,18380477,3372.3589795823,57.4444444444444,36.2583333333333,40,57.8,36.8083333333333,40,3397.92920043766,17838141.3333333,3.66666666666667,1.77522232136891,0.684482152323118,4.66666666666667,0.59585793811271,0.266506905177543,"Data Desert","Data Oasis","Data Oasis"
"ALB",2019,"Europe & Central Asia","Upper middle income",8.33333333333333,68.9833333333333,2854191,13653.182207385,58.4777777777778,57.9666666666667,80,69.7666666666667,59.4416666666667,75,13247.0977781688,2864674.66666667,3.33333333333333,2.9089981596514,-0.0633193020622027,4.33333333333333,-0.397947279453208,6.72135573603254,"Data Lake","Data Swamp","Data Swamp"
"ARM",2019,"Europe & Central Asia","Upper middle income",6.66666666666667,71.7541666666667,2820602,14317.5528692827,85.0555555555555,60.175,83.3333333333333,84.9666666666667,59.9416666666667,85,13352.8745149363,2836360.66666667,2,2.35042981134745,-0.283625848514762,3,-0.306057996101722,10.7987445686679,"Data Lake","Data Swamp","Data Swamp"
"AUS",2019,"East Asia & Pacific","High income",419.333333333333,87.2083333333333,25340217,49379.093333787,93.2777777777778,74.4166666666667,100,92.6666666666667,74.4666666666667,100,48944.0523582996,24967020.6666667,58.6666666666667,16.7954894951957,1.33623834485823,59.6666666666667,0.393370578173045,-1.75477926680892,"Data Lake","Data Lake","Data Oasis"
"AUT",2019,"Europe & Central Asia","High income",53,89.5958333333333,8879920,55806.4382499366,89.8333333333333,79.1916666666667,100,91.3,79.75,100,55065.5705229463,8839335.66666667,10.3333333333333,5.99592571191342,0.0104313796003335,11.3333333333333,0.0254527219278802,9.60152349295534,"Data Lake","Data Swamp","Data Swamp"
"BEL",2019,"Europe & Central Asia","High income",58.3333333333333,82.0625,11488980,51987.7139145095,72.9888888888889,67.4583333333333,96.6666666666667,83.9333333333333,67.8666666666667,100,51181.1553982913,11430397.3333333,9.33333333333333,5.10335132123724,-0.0500367876375458,10.3333333333333,0.138326216499349,-0.633025479720715,"Data Lake","Data Lake","Data Oasis"
"BGR",2019,"Europe & Central Asia","Upper middle income",21.6666666666667,80.1625,6975761,23266.0693152803,80.3777777777778,71.9916666666667,88.3333333333333,90.1,70.8416666666667,90,22314.0657316696,7025581.66666667,5,3.08396766198955,-0.138938207610101,6,-0.0850675145229403,14.6776358890519,"Data Lake","Data Swamp","Data Swamp"
"BWA",2019,"Sub-Saharan Africa","Upper middle income",16,45.5666666666667,2499702,15117.9906741015,66.4555555555555,54.4666666666667,36.6666666666667,66.5666666666667,54.7916666666667,40,14912.282207439,2450983.66666667,4.33333333333333,6.52799127860365,0.637597097025017,5.33333333333333,0.100532587911389,0.756294730985353,"Data Lake","Data Lake","Data Oasis"
"CAN",2019,"North America","High income",332,89.35,37601230,49175.6770500696,93.8777777777778,82.0333333333333,96.6666666666667,93.2,84.1166666666667,100,48818.4443814923,37070516.6666667,62,8.95590431029871,0.79359989853036,63,-0.00268510580170389,6.00939423292847,"Data Lake","Data Swamp","Data Swamp"
"CHE",2019,"Europe & Central Asia","High income",101,85.9472222222222,8575280,69923.9312089954,87.1,81.8944444444444,90,87.6666666666667,80.8583333333333,90,69248.9244378394,8513816.33333333,14.6666666666667,11.8630701022483,0.541502417087544,15.6666666666667,0.361105643124103,8.22436833787978,"Data Lake","Data Lake","Data Lake"
"CHL",2019,"Latin America & Caribbean","High income",62.3333333333333,72.7944444444445,19039485,24809.8609735994,76.2333333333333,60.5888888888889,85,76.9666666666667,59.525,95,24809.587821218,18703170.6666667,8.33333333333333,3.33276824792203,0.0818339168232241,9.33333333333333,0.285449450617683,0.867926720451308,"Data Lake","Data Lake","Data Oasis"
"CRI",2019,"Latin America & Caribbean","Upper middle income",17.3333333333333,64.2583333333333,5084532,20818.061678299,86.5666666666667,65.1833333333333,63.3333333333333,86.4666666666667,66.4666666666667,70,20496.5196543045,5039702.66666667,1.66666666666667,3.43935634298002,-0.0478289257523028,2.66666666666667,0.497819734694974,12.7037177561171,"Data Lake","Data Lake","Data Lake"
"CYP",2019,"Europe & Central Asia","High income",11.3333333333333,77.7708333333333,1228836,41739.46484375,78.9,72.2083333333333,83.3333333333333,92.2666666666666,73.3083333333333,85,40082.4166666667,1218730,3.33333333333333,9.29929790300832,0.223951889808042,4.33333333333333,-0.051237374611119,8.88874723421655,"Data Lake","Data Swamp","Data Swamp"
"CZE",2019,"Europe & Central Asia","High income",52,85.2125,10671870,40989.7266228223,79.0111111111111,75.425,95,90.1,75.6166666666667,95,39918.6332965577,10632078.6666667,7.66666666666667,4.89085922238599,0.0472908852434579,8.66666666666667,0.242594423541294,10.7064469928137,"Data Lake","Data Lake","Data Lake"
"DEU",2019,"Europe & Central Asia","High income",315.666666666667,84.4083333333333,83092962,53874.3166510099,94.6666666666666,73.8166666666667,95,96.4666666666666,74.9166666666667,95,53459.0550288487,82885248.6666667,44.3333333333333,3.80847824847772,0.0538786337972192,45.3333333333333,-0.0273927957857358,-0.533618695489665,"Data Lake","Data Swamp","Data Desert"
"DNK",2019,"Europe & Central Asia","High income",104,87.3583333333333,5814422,56813.9641554635,87.4888888888889,74.7166666666667,100,98.7,75.9916666666667,100,56116.4731885413,5791012.66666667,10.6666666666667,17.9588624626274,1.00515340981834,11.6666666666667,0.796002488521191,4.3410398914081,"Data Lake","Data Lake","Data Lake"
"ESP",2019,"Europe & Central Asia","High income",221,87.0708333333333,47134837,40782.2350436035,89.7777777777778,77.475,96.6666666666667,90.8666666666666,77.8666666666667,100,40203.1107612288,46841942.3333333,27,4.71799393858041,0.324080796188527,28,0.250290250288015,7.97775719728259,"Data Lake","Data Lake","Data Lake"
"EST",2019,"Europe & Central Asia","High income",19.6666666666667,84.7208333333333,1326898,36153.4319482746,82.2444444444444,69.4416666666667,100,93.9333333333333,68.9416666666667,100,34985.0773020618,1322086.33333333,5.33333333333333,14.8754783789964,0.796158005460312,6.33333333333333,0.178417940132353,5.55843945466789,"Data Lake","Data Lake","Data Lake"
"FIN",2019,"Europe & Central Asia","High income",88.3333333333333,85.8625,5521606,48583.4339897935,95.2888888888889,71.725,100,94.9333333333333,72.3666666666667,100,48067.3640632305,5515115,11,16.0165895603869,0.977027831467709,12,0.652895664033913,2.71257708345033,"Data Lake","Data Lake","Data Lake"
"FRA",2019,"Europe & Central Asia","High income",183,83.8833333333333,67388001,45922.7947390313,90.2555555555555,67.7666666666667,100,90.8,67.7166666666667,100,45248.6067273527,67154789.6666667,34,2.72504762368178,-0.221659912549955,35,-0.257762051769667,-3.73938453204785,"Data Lake","Data Swamp","Data Desert"
"GBR",2019,"Europe & Central Asia","High income",250.666666666667,77.7625,66836327,47088.2055266782,86.7888888888889,65.525,90,86.8,66.0166666666667,90,46599.7127312052,66451843.3333333,70.6666666666667,3.77215520432265,0.0828589714699168,71.6666666666667,-0.556931534254786,-10.108672297723,"Data Lake","Data Swamp","Data Desert"
"GEO",2019,"Europe & Central Asia","Upper middle income",29.3333333333333,63.6888888888889,3720161,14989.2581602038,86.2222222222222,54.0444444444444,73.3333333333333,86.4666666666667,60.1166666666667,80,14277.4581791879,3724904.66666667,5.33333333333333,7.87492189956718,0.941906968541274,6.33333333333333,0.444940717442107,0.293196436534593,"Data Lake","Data Lake","Data Oasis"
"GRC",2019,"Europe & Central Asia","High income",75.3333333333333,83.2583333333333,10721582,29721.5857620428,86.7111111111111,69.85,96.6666666666667,87.5,70.7666666666667,100,29155.8736950823,10736381,20.6666666666667,7.01664120650462,0.606680847127163,21.6666666666667,-0.110663452569806,3.43242814058361,"Data Lake","Data Swamp","Data Swamp"
"HRV",2019,"Europe & Central Asia","High income",31,72.8833333333333,4065253,29347.5161917663,49.7555555555556,64.1,81.6666666666667,50.7666666666667,64.2166666666667,90,28258.1280401502,4092542.33333333,6,7.57475365557204,0.496452489641459,7,0.255719756231512,3.01634988869233,"Data Lake","Data Lake","Data Lake"
"HUN",2019,"Europe & Central Asia","High income",35,84.1333333333333,9771141,32645.6637288361,86.3666666666667,68.2666666666667,100,86.8666666666667,68.2666666666667,100,31086.368597551,9778223.66666667,9.33333333333333,3.57938222658096,-0.126484608867325,10.3333333333333,-0.230498926101405,5.04998978834107,"Data Lake","Data Swamp","Data Swamp"
"IRL",2019,"Europe & Central Asia","High income",94.6666666666667,81.5291666666667,4934340,86925.9065817976,93.5555555555555,66.3916666666667,96.6666666666667,94.7333333333333,66.3416666666667,100,82823.3785584788,4869681.33333333,23.3333333333333,19.4400126387462,0.804013288159269,24.3333333333333,0.0512452958790623,-12.0146242653772,"Data Lake","Data Lake","Data Oasis"
"IRN",2019,"Middle East & North Africa","Lower middle income",321.333333333333,44.9916666666667,86564202,14084.3535121898,48.7888888888889,56.65,33.3333333333333,59.8,57.0166666666667,35,14625.5307223783,85562280,21.6666666666667,3.75554897944904,0.856850572732335,22.6666666666667,0.821565619211354,-0.878879926047844,"Data Lake","Data Lake","Data Oasis"
"ITA",2019,"Europe & Central Asia","High income",245,91.4125,59729081,42739.0499116836,91.0666666666666,82.825,100,91.8666666666666,82.175,100,42122.0307238908,60229183.3333333,30,4.06779548452563,0.200427133419088,31,0.18341632297935,12.5758251097356,"Data Lake","Data Lake","Data Lake"
"JAM",2019,"Latin America & Caribbean","Upper middle income",10.6666666666667,44.5569444444444,2813773,10244.3661921245,61.0888888888889,57.4472222222222,31.6666666666667,73.7333333333333,56.6,30,10129.9021932422,2811328,2,3.79417366691708,0.366012347948645,3,0.219707396207776,10.852452445718,"Data Lake","Data Lake","Data Lake"
"JPN",2019,"East Asia & Pacific","High income",392.666666666667,85.5708333333333,126633000,41654.3279152693,77.8333333333333,77.8083333333333,93.3333333333333,90.5333333333333,80,95,41620.7880430351,126805333.333333,42.3333333333333,3.0966100269179,0.0943742388581983,43.3333333333333,0.15203512961688,6.6697240192771,"Data Lake","Data Lake","Data Lake"
"KOR",2019,"East Asia & Pacific","High income",176.666666666667,80.0888888888889,51764822,42758.5903686092,82.0333333333333,76.8444444444444,83.3333333333333,93.4,82.4,90,41893.9663208049,51570597,13,3.42572467537397,-0.00116803774576191,14,0.581266294559833,10.7250988779357,"Data Lake","Data Lake","Data Lake"
"KWT",2019,"Middle East & North Africa","High income",16.3333333333333,47.3958333333333,4441100,47314.7968373973,55.3888888888889,63.125,31.6666666666667,66.3333333333333,63.125,40,48755.034196768,4294396.33333333,0.333333333333333,3.80340612871549,-0.523096316404323,1.33333333333333,0.910095586447795,5.41856634946038,"Data Lake","Data Lake","Data Lake"
"LKA",2019,"South Asia","Lower middle income",52.6666666666667,58.8875,21803000,13639.0218853482,80.8666666666667,72.775,45,81.0333333333333,73.75,45,13645.5319196933,21659937.6666667,8.66666666666667,2.43152438742783,0.171616393871393,9.66666666666667,0.158703709520259,19.0591773035075,"Data Lake","Data Lake","Data Lake"
"LTU",2019,"Europe & Central Asia","High income",21,86.025,2794137,37184.4536013211,80.1555555555555,72.05,100,91.8333333333333,71.8666666666667,100,35464.3443080104,2808027.66666667,7,7.47855879387703,0.261114135825877,8,-0.180163813010965,7.56804520498314,"Data Lake","Data Swamp","Data Swamp"
"LVA",2019,"Europe & Central Asia","High income",15,83.6083333333333,1913822,31038.6792668747,90.4444444444444,67.2166666666667,100,89.1666666666667,68.0416666666667,100,29921.2150755482,1927748,4,7.78110001929713,0.326547450178941,5,0.0279338163984453,6.56520087962956,"Data Lake","Data Swamp","Data Swamp"
"MKD",2019,"Europe & Central Asia","Upper middle income",11.6666666666667,58.4902777777778,2076694,16773.081717702,76.6777777777778,56.9805555555556,60,88.0666666666667,55.9833333333333,65,16208.3799751112,2075804.33333333,4.33333333333333,5.62031135561428,0.400250806200779,5.33333333333333,-0.182321784188325,2.25534834589801,"Data Lake","Data Swamp","Data Desert"
"MNG",2019,"East Asia & Pacific","Lower middle income",16.6666666666667,61.3208333333333,3232430,12458.0184257633,77.9,64.3083333333333,58.3333333333333,80,63.9416666666667,60,11980.6034181811,3164150.33333333,0,5.26734349221292,0.614479260806151,1,1.53582312872608,21.9963045608258,"Data Lake","Data Lake","Data Lake"
"MUS",2019,"Sub-Saharan Africa","Upper middle income",2.66666666666667,67.0125,1265985,23676.4135788934,86.5444444444444,65.6916666666667,68.3333333333333,86.2,66.375,70,22946.2518950377,1265483,0.333333333333333,2.10723231103592,-0.903912083108287,1.33333333333333,-0.396683560830345,14.3277161834463,"Data Lake","Data Swamp","Data Swamp"
"MYS",2019,"East Asia & Pacific","Upper middle income",233,58.1583333333333,32804020,27674.3974895709,72.6111111111111,67.9833333333333,48.3333333333333,84.0333333333333,68.2,50,26815.1144749661,32393032.3333333,29,7.19290486924364,0.920028526184963,30,0.431089522426061,1.82593397339267,"Data Lake","Data Lake","Data Oasis"
"NLD",2019,"Europe & Central Asia","High income",198.666666666667,84.6041666666667,17344874,56784.0372529824,87.6777777777778,69.2083333333333,100,98.5,71.4666666666667,100,55977.8615601991,17235931.3333333,26,11.5263087804519,0.796560657034064,27,0.406155279111899,-4.47936485931174,"Data Lake","Data Lake","Data Oasis"
"NOR",2019,"Europe & Central Asia","High income",120.666666666667,89.575,5347896,64983.3542076922,81.1666666666667,79.15,100,92.2333333333333,80.6666666666667,100,64756.4670048901,5312260,15,22.7147516625065,1.13211478327769,16,0.673169134008314,5.55458160543706,"Data Lake","Data Lake","Data Lake"
"NZL",2019,"East Asia & Pacific","High income",177,78.7416666666667,4979200,43272.5669090792,91.7,64.15,93.3333333333333,91.6333333333333,64.3666666666667,100,42798.0608220025,4897800,27.3333333333333,36.1386745069215,1.83794942774823,28.3333333333333,0.672548386008865,-8.39155066597566,"Data Lake","Data Lake","Data Oasis"
"OMN",2019,"Middle East & North Africa","High income",22,50.75,4602768,33814.1116228719,42.2555555555556,63.1666666666667,38.3333333333333,44.4,64.225,40,34081.5355058503,4581926.33333333,1.33333333333333,4.80147396520779,-0.0524032340621243,2.33333333333333,0.780393819744056,6.16249018590111,"Data Lake","Data Lake","Data Lake"
"PAN",2019,"Latin America & Caribbean","High income",12,42.4583333333333,4232532,32788.3325108816,51.4555555555555,59.9166666666667,25,62.8,59.9166666666667,30,32228.5684124258,4164616.66666667,1.66666666666667,2.88141765748748,-0.548529183726465,2.66666666666667,0.099307871685602,2.66624844790282,"Data Lake","Data Lake","Data Lake"
"POL",2019,"Europe & Central Asia","High income",119.333333333333,88.9375,37965475,33159.7644200741,83.4222222222222,79.5416666666667,98.3333333333333,95.1,79.7166666666667,100,31619.0473636846,37971683.6666667,20.3333333333333,3.14269270704185,0.0229978490519933,21.3333333333333,-0.0258526046838048,13.7016852143067,"Data Lake","Data Swamp","Data Swamp"
"PRT",2019,"Europe & Central Asia","High income",68.6666666666667,84.65,10286263,34945.6615139469,90.7222222222222,69.3,100,90.7666666666667,69.4416666666667,100,34010.3678800204,10290128.3333333,16.6666666666667,6.6730622245236,0.451129199479983,17.6666666666667,-0.046350445881977,2.37008196919845,"Data Lake","Data Swamp","Data Desert"
"PSE",2019,"Middle East & North Africa","Upper middle income",17.6666666666667,62.125,4685306,6245.44869712345,73.3444444444444,65.9166666666667,58.3333333333333,86.5666666666667,69.9,60,6321.79988538084,4569732.66666667,5,3.86601754530061,0.783396467634542,6,0.0804163176521593,20.8965131709999,"Data Lake","Data Lake","Data Lake"
"QAT",2019,"Middle East & North Africa","High income",18.6666666666667,46.0375,2807235,90840.429077198,39.7222222222222,60.4083333333333,31.6666666666667,61.9666666666667,60.7666666666667,45,91493.2138220628,2761907.33333333,3,6.75861439715211,-0.436041340778234,4,0.115789942064435,-9.97131579253907,"Data Lake","Data Lake","Data Oasis"
"ROU",2019,"Europe & Central Asia","High income",61,71.4666666666667,19371648,30000.977830377,84.3222222222222,71.2666666666667,71.6666666666667,87.1666666666667,73.6416666666667,80,28560.1401884379,19478111,15,3.1317205246443,-0.0596991388204797,16,-0.234948172525342,7.2931936200807,"Data Lake","Data Swamp","Data Swamp"
"SAU",2019,"Middle East & North Africa","High income",127.666666666667,56.6125,35827362,47024.5443161916,49.2111111111111,76.5583333333333,36.6666666666667,60.7333333333333,78.975,50,47430.1721374998,35012872.3333333,13.3333333333333,3.64627801601767,-0.099189270225664,14.3333333333333,0.32676089597923,8.65679617217091,"Data Lake","Data Lake","Data Lake"
"SGP",2019,"East Asia & Pacific","High income",88.6666666666667,65,5703569,98455.3282334375,85.6222222222222,53.3333333333333,76.6666666666667,100,53.3333333333333,80,97356.5053915461,5651499.33333333,10,15.6890519554162,0.520440418753695,11,0.58788092238339,-22.3200466989877,"Data Lake","Data Lake","Data Oasis"
"SRB",2019,"Europe & Central Asia","Upper middle income",25.3333333333333,68.5583333333333,6945235,18306.8118974969,65.8777777777778,60.45,76.6666666666667,67.3666666666667,63.1666666666667,80,17456.8961252234,6982899,8,3.62791060465479,0.175638962714702,9,-0.225514921343717,3.44874135671618,"Data Lake","Data Swamp","Data Swamp"
"SVK",2019,"Europe & Central Asia","High income",22,86.7833333333333,5454147,32056.2997333253,94.3,73.5666666666667,100,94.9333333333333,73.0916666666667,100,31170.8290893991,5446716.66666667,5,4.03913060773616,-0.132511628652149,6,-0.0589854764817561,12.6108828640636,"Data Lake","Data Swamp","Data Swamp"
"SVN",2019,"Europe & Central Asia","High income",21.3333333333333,85.5875,2088385,39034.2332483558,96.0444444444444,71.175,100,96.9333333333333,71.4416666666667,100,37845.8342229883,2076222.33333333,7,10.275071696721,0.473582952121196,8,-0.0878105519258909,5.72230622541976,"Data Lake","Data Swamp","Data Swamp"
"SWE",2019,"Europe & Central Asia","High income",178.333333333333,86.2583333333333,10278887,52850.5691792533,95.1555555555556,72.5166666666667,100,94.8666666666667,72.5166666666667,100,52382.6052848792,10170599.6666667,24.6666666666667,17.5342004579933,1.14473597358489,25.6666666666667,0.509825241594208,-0.779348809710072,"Data Lake","Data Lake","Data Oasis"
"TUR",2019,"Europe & Central Asia","Upper middle income",182,76.8319444444444,83481684,28150.0589486703,84.7111111111111,58.6638888888889,95,84,53.1083333333333,100,27963.6230711818,82793604.6666667,28.6666666666667,2.19823742102721,-0.0908869795629883,29.6666666666667,-0.0914320163391,-6.88127740482586,"Data Lake","Data Swamp","Data Desert"
"URY",2019,"Latin America & Caribbean","High income",12,44.9930555555556,3428409,23552.842731429,83.8111111111111,66.6527777777778,23.3333333333333,83.9,64.2333333333333,20,23441.9039745162,3425883.66666667,2,3.50274590954684,-0.196060592025703,3,0.117722062380854,11.7873899150767,"Data Lake","Data Lake","Data Lake"
"USA",2019,"North America","High income",847.333333333333,92.5236111111111,328329953,62470.9299128669,92.8555555555556,85.0472222222222,100,94,87.5,100,61242.3802565663,326763426.666667,191.666666666667,2.59310946141382,-0.122011419131283,192.666666666667,-0.705060016616549,3.03989998100212,"Data Lake","Data Swamp","Data Swamp"
"ZAF",2019,"Sub-Saharan Africa","Upper middle income",252.666666666667,65.5902777777778,58087055,13852.20596866,84.9222222222222,66.1805555555555,65,85.5,65.2,65,13930.9914458379,57355966.3333333,50.6666666666667,4.40523772537026,0.961262669133336,51.6666666666667,0.00584302647064128,4.33608824661111,"Data Lake","Data Swamp","Data Swamp"
"BHR",2019,"Middle East & North Africa","High income",6,36.2888888888889,1494188,49768.9762142136,53.1555555555556,40.9111111111111,31.6666666666667,64.2666666666667,46.4666666666667,30,49212.0278628609,1479454,1.33333333333333,4.05555022325804,-0.692692709145074,2.33333333333333,-0.255942355401822,-20.9807180186245,"Data Oasis","Data Desert","Data Desert"
"BIH",2019,"Europe & Central Asia","Upper middle income",12,54.4083333333333,3360711,14851.6485875733,49.6888888888889,47.15,61.6666666666667,60.6666666666667,47.3833333333333,60,14233.784383946,3400289,5.33333333333333,3.52911179020372,0.121680065224644,6.33333333333333,-0.421377680084585,-6.66516753396571,"Data Oasis","Data Desert","Data Desert"
"COG",2019,"Sub-Saharan Africa","Lower middle income",18,24.2694444444444,5570733,3695.06169357,27.8555555555556,28.5388888888889,20,27.9333333333333,27.15,20,3851.79992615435,5441378.33333333,3,3.3079853848305,0.974548830015611,4,0.488727266281396,-9.13334616701054,"Data Oasis","Data Oasis","Data Oasis"
"GHA",2019,"Sub-Saharan Africa","Lower middle income",113.333333333333,38.2875,31522290,5345.94159228145,61.0666666666667,33.2416666666667,43.3333333333333,61.2666666666667,33.6,50,5133.58634531817,30871731,7.33333333333333,3.67110394079727,1.2704578874018,8.33333333333333,1.13513546668017,-9.43819818172099,"Data Oasis","Data Oasis","Data Oasis"
"GMB",2019,"Sub-Saharan Africa","Low income",6.33333333333333,30.1041666666667,2508883,2083.3090583462,49.8222222222222,31.875,28.3333333333333,28.5333333333333,32.7166666666667,35,2007.64659022291,2444993.66666667,0,2.59032709150849,0.966138808746409,1,0.988004862334104,7.34101717148317,"Data Oasis","Data Oasis","Data Lake"
"ISR",2019,"Middle East & North Africa","High income",64.6666666666667,71.575,9054000,41151.0067396475,85.2222222222222,46.4833333333333,96.6666666666667,85.7333333333333,46.4833333333333,100,40289.8566351323,8883366.66666667,17,7.27952240329305,0.400763089448882,18,-0.111522995176935,-22.410860275901,"Data Oasis","Data Desert","Data Desert"
"JOR",2019,"Middle East & North Africa","Lower middle income",44.3333333333333,35.2402777777778,10698683,9534.6609493486,80.4555555555555,48.8138888888889,21.6666666666667,80.8333333333333,47.925,30,9582.75702813435,10457976.3333333,6.66666666666667,4.23918853134397,0.792644464360386,7.66666666666667,0.467042935675371,-0.853446698028421,"Data Oasis","Data Oasis","Data Oasis"
"KEN",2019,"Sub-Saharan Africa","Lower middle income",147.333333333333,38.8458333333333,50951450,4601.21137258037,60.5666666666667,36.025,41.6666666666667,60.4666666666667,35.7916666666667,45,4459.64450025235,49950963.6666667,14.6666666666667,2.94955937820379,1.24252440785338,15.6666666666667,0.74414960791595,-8.09669296772298,"Data Oasis","Data Oasis","Data Oasis"
"LAO",2019,"East Asia & Pacific","Lower middle income",16,31.1166666666667,7212053,7840.07138309428,45.8333333333333,40.5666666666667,21.6666666666667,56.6333333333333,40.5333333333333,30,7532.55490866766,7104992,1,2.25193779247042,0.227842658995683,2,0.754363433449918,0.0903496913917508,"Data Oasis","Data Oasis","Data Oasis"
"LBN",2019,"Middle East & North Africa","Lower middle income",21.6666666666667,35.0541666666667,5781907,17185.0470183692,51.1444444444444,48.4416666666667,21.6666666666667,62.6,49.3583333333333,30,17643.5641237848,5947332.66666667,3.33333333333333,3.64308974813247,0.138828249993296,4.33333333333333,0.286839022264536,-4.93889883335915,"Data Oasis","Data Oasis","Data Oasis"
"NPL",2019,"South Asia","Lower middle income",84,31.1444444444444,28832496,3922.08133124638,61.1333333333333,42.2888888888889,20,61.3333333333333,40.9083333333333,20,3712.3059690546,28507544.6666667,6.66666666666667,2.94658838501162,1.23618393354651,7.66666666666667,0.992611497394084,3.24523067939069,"Data Oasis","Data Oasis","Data Lake"
"RWA",2019,"Sub-Saharan Africa","Low income",25.6666666666667,46.7361111111111,12835028,2190.6709601992,71.9777777777778,46.8055555555556,46.6666666666667,72.4333333333333,49.4083333333333,45,2058.44564920151,12532391.6666667,3.33333333333333,2.04802621473555,1.06520531422155,4.33333333333333,0.649608125276757,15.9048872115667,"Data Oasis","Data Oasis","Data Lake"
"SWZ",2019,"Sub-Saharan Africa","Lower middle income",6,27.8555555555556,1169613,8501.26632860999,32.5,17.3777777777778,38.3333333333333,22.4333333333333,19.8083333333333,40,8353.03663573304,1160477,0.666666666666667,5.17028773512961,0.606750742957036,1.66666666666667,0.443907625179976,-25.0566588207346,"Data Oasis","Data Oasis","Data Oasis"
"TLS",2019,"East Asia & Pacific","Lower middle income",3.33333333333333,43.8541666666667,1280438,3737.79654389172,46.8444444444444,32.7083333333333,55,58.2333333333333,32.7083333333333,55,3315.68131301071,1261839.33333333,1,2.64164640083603,0.530667667111505,2,-0.146334437747663,-1.27632587932217,"Data Oasis","Data Desert","Data Desert"
"TTO",2019,"Latin America & Caribbean","High income",4.33333333333333,38.7,1519955,25306.6179563327,38.8111111111111,42.4,35,27.2666666666667,42.7583333333333,40,25685.1276574686,1501090.33333333,0.666666666666667,2.88679051294048,-0.623099025429361,1.66666666666667,-0.173577169850367,-11.1146477827808,"Data Oasis","Data Desert","Data Desert"
"UGA",2019,"Sub-Saharan Africa","Low income",93.6666666666667,49.8583333333333,42949080,2250.01492164686,64.5111111111111,38.05,61.6666666666667,64.2,33.8666666666667,65,2188.4396457934,41530520,7.33333333333333,2.25536946483373,1.37965770004028,8.33333333333333,1.0210467862879,4.29225441273883,"Data Oasis","Data Oasis","Data Lake"
"ZWE",2019,"Sub-Saharan Africa","Lower middle income",33,41.65,15354608,2203.39680951757,48.4222222222222,41.6333333333333,41.6666666666667,59.9333333333333,43.0916666666667,45,2311.5997311046,15052631,7.66666666666667,2.19230777662722,1.09998059668024,8.66666666666667,0.233346126682535,6.05751129784973,"Data Oasis","Data Oasis","Data Lake"
"ARE",2019,"Middle East & North Africa","High income",17,58.5541666666667,9211657,71782.1538362575,37.3333333333333,52.1083333333333,65,36.8666666666667,54.2416666666667,65,71505.0262950813,9140040.66666667,2.66666666666667,1.85994796084423,-1.31623633720869,3.66666666666667,-0.209294263686822,-14.0722099409424,"Data Swamp","Data Swamp","Data Desert"
"ARG",2019,"Latin America & Caribbean","Upper middle income",55.3333333333333,48.2638888888889,44938712,22071.7480998394,79.2777777777778,61.5277777777778,35,79.4666666666667,58.925,35,22805.3691700872,44492675,11.6666666666667,1.2436504061249,-0.665883083569786,12.6666666666667,-0.333692552667066,1.93199386116937,"Data Swamp","Data Swamp","Data Desert"
"AZE",2019,"Europe & Central Asia","Upper middle income",8.33333333333333,66.0125,10024283,14442.0408668016,53.4666666666667,55.3583333333333,76.6666666666667,64.6333333333333,55.0916666666667,80,14257.6803236409,9939362.33333333,3.33333333333333,0.83841730021111,-1.08720139942602,4.33333333333333,-0.7792453577619,4.66469408832027,"Data Swamp","Data Swamp","Data Swamp"
"BLR",2019,"Europe & Central Asia","Upper middle income",5.33333333333333,65.9166666666667,9419758,19288.0406878264,68.3333333333333,51.8333333333333,80,79.2333333333333,53.5583333333333,85,18872.9506541098,9439177.33333333,2.66666666666667,0.565020991236101,-1.66818720989746,3.66666666666667,-1.12176620080655,-0.856816278284207,"Data Swamp","Data Swamp","Data Desert"
"BOL",2019,"Latin America & Caribbean","Lower middle income",11,34.7833333333333,11777315,8528.74880360829,67.9666666666667,52.9,16.6666666666667,68.5333333333333,54.3666666666667,20,8413.32514962673,11606584.3333333,4.66666666666667,0.947737911868588,-0.601762871444346,5.66666666666667,-0.674699634673373,6.26687429712863,"Data Swamp","Data Swamp","Data Swamp"
"BRA",2019,"Latin America & Caribbean","Upper middle income",365,63.2541666666667,211782878,14685.1278924674,82.0222222222222,61.5083333333333,65,83.3,62.375,75,14594.1935967849,210151476.666667,42.3333333333333,1.73684242332947,0.279244720802216,43.3333333333333,0.131498589635931,1.48249323248208,"Data Swamp","Data Lake","Data Oasis"
"EGY",2019,"Middle East & North Africa","Lower middle income",75.6666666666667,59.0694444444444,105618671,11780.9620965028,76.9888888888889,58.1388888888889,60,76.8,60.9166666666667,60,11379.7619286665,103716274,12,0.729554425245422,-0.583697983906976,13,-0.158921307303964,6.30808104505137,"Data Swamp","Data Swamp","Data Swamp"
"GTM",2019,"Latin America & Caribbean","Upper middle income",11,42.3722222222222,16604026,8673.00201631063,61.6222222222222,56.4111111111111,28.3333333333333,62.1,54.1333333333333,35,8488.1113714203,16346131.3333333,5,0.672942103283399,-0.876465237470391,6,-0.826210031879552,9.74023514649569,"Data Swamp","Data Swamp","Data Swamp"
"IND",2019,"South Asia","Lower middle income",500.333333333333,59.65,1383112050,6617.12986868393,87.4111111111111,67.6333333333333,51.6666666666667,87.9666666666667,68.875,55,6388.44997362971,1368770345.33333,108.666666666667,0.365534901482314,-0.361997675133903,109.666666666667,-0.739144131014445,12.9546904955589,"Data Swamp","Data Swamp","Data Swamp"
"KAZ",2019,"Europe & Central Asia","Upper middle income",15,66.2916666666667,18513673,26351.8044418782,70.6333333333333,62.5833333333333,70,82.1333333333333,62.35,70,25586.3717742569,18275967,4.66666666666667,0.820750004637238,-1.34371911514788,5.66666666666667,-0.712520526275922,5.18617704468843,"Data Swamp","Data Swamp","Data Swamp"
"KGZ",2019,"Europe & Central Asia","Lower middle income",4,65.9333333333333,6456200,5258.36669631142,81.3777777777778,51.8666666666667,80,81.4666666666667,53.0583333333333,85,5146.07004874409,6325733.33333333,2.66666666666667,0.632337752671627,-0.828982974557776,3.66666666666667,-1.04131651074022,11.8882172510071,"Data Swamp","Data Swamp","Data Swamp"
"MDA",2019,"Europe & Central Asia","Upper middle income",4.33333333333333,68.1625,2664224,12776.9218268725,82.8444444444444,57.9916666666667,78.3333333333333,94.2333333333333,58.8166666666667,90,12127.8900341575,2708872,2.66666666666667,1.59968183558815,-0.618111522315905,3.66666666666667,-0.875907162150713,8.4702152238638,"Data Swamp","Data Swamp","Data Swamp"
"MEX",2019,"Latin America & Caribbean","Upper middle income",137.333333333333,78.0611111111111,125085311,20064.5004997154,93.5777777777778,81.1222222222222,75,92.9333333333333,80.2833333333333,75,20125.0418064575,123979476.666667,26,1.10771021967265,-0.48427068870684,27,-0.348573985996969,19.8222190252357,"Data Swamp","Data Swamp","Data Swamp"
"PHL",2019,"East Asia & Pacific","Lower middle income",57.3333333333333,56.7541666666667,110380804,8731.86086888555,88.8666666666667,80.175,33.3333333333333,88.2666666666667,80.175,35,8366.44993316737,108562713.666667,13,0.52811256643207,-0.704781137202109,14,-0.453881412903663,31.1043527030638,"Data Swamp","Data Swamp","Data Swamp"
"RUS",2019,"Europe & Central Asia","Upper middle income",102.666666666667,72.5777777777778,144406261,27254.57421875,82.7888888888889,61.8222222222222,83.3333333333333,83.6666666666667,65.3666666666667,90,26612.4759114583,144460286.333333,50.3333333333333,0.710691285975784,-1.07002868389502,51.3333333333333,-1.2863650999716,-5.56562498047634,"Data Swamp","Data Swamp","Data Desert"
"THA",2019,"East Asia & Pacific","Upper middle income",140,63.675,71307763,17997.1330707129,76.3555555555555,57.35,70,76.4666666666667,57.85,70,17558.0723566755,71111255.6666667,9.33333333333333,1.96874599790853,0.057212827448506,10.3333333333333,0.680137584382633,1.96877845036883,"Data Swamp","Data Lake","Data Oasis"
"VNM",2019,"East Asia & Pacific","Lower middle income",102.666666666667,53.7944444444444,95776716,10252.0046223512,63.9111111111111,72.5888888888889,35,64,75.725,35,9646.2352169253,94908031.3333333,10.3333333333333,1.08174898609037,-0.105479872313903,11.3333333333333,0.32123565640902,23.0665584620876,"Data Swamp","Data Lake","Data Lake"
"CUB",2019,"Latin America & Caribbean","Upper middle income",12.6666666666667,NA,11316697,NA,NA,NA,NA,NA,NA,NA,NA,11327115.3333333,5,1.1182605892068,NA,6,NA,NA,NA,NA,NA
"ERI",2019,"Sub-Saharan Africa","Low income",4,10,3498818,NA,NA,NA,10,NA,NA,10,NA,3447041.66666667,0.666666666666667,1.16041533198757,NA,1.66666666666667,NA,NA,NA,NA,NA
"GNQ",2019,"Sub-Saharan Africa","Upper middle income",1.66666666666667,23.3333333333333,1553031,16240.3698101562,NA,NA,23.3333333333333,NA,NA,25,17874.3947151342,1501938.66666667,0,1.10967691534674,-1.35244421454764,1,-0.623824410274988,NA,NA,NA,NA
"HKG",2019,"East Asia & Pacific","High income",79,NA,7507900,59592.0344814547,NA,NA,NA,NA,NA,NA,60163.1923907188,7451233.33333333,10,10.6022716597252,0.488535998789732,11,0.483454269381337,NA,NA,NA,NA
"PRI",2019,"Latin America & Caribbean","High income",19.6666666666667,NA,3193694,34792.6467473505,NA,NA,NA,NA,NA,NA,34459.8284996188,3237444.66666667,1.33333333333333,6.07474990048736,0.101615296914626,2.33333333333333,0.768661383711734,NA,NA,NA,NA
"PRK",2019,"East Asia & Pacific","Low income",3.66666666666667,NA,25755441,NA,NA,NA,NA,NA,NA,NA,NA,25636637,4,0.143024479640862,NA,5,NA,NA,NA,NA,NA
"XKX",2019,"Europe & Central Asia","Upper middle income",10.6666666666667,56.6666666666667,1788878,11318.462250308,54.4555555555555,NA,56.6666666666667,66,NA,60,10836.5995451956,1792322,5.66666666666667,5.95131157608212,0.677712886332968,6.66666666666667,-0.341461133369154,NA,NA,NA,NA
