"iso3c","date","region","income_level","data_papers_3yr","SPI.INDEX.PIL4.5_3yr","SP.POP.TOTL","NY.GDP.PCAP.PP.KD","SPI.INDEX.PIL2_3yr","SPI.INDEX.PIL4_3yr","SPI.INDEX.PIL5_3yr","SPI.INDEX.PIL2","SPI.INDEX.PIL4","SPI.INDEX.PIL5","NY.GDP.PCAP.PP.KD_3yr","SP.POP.TOTL_3yr","qual_papers_3yr","data_papers_pcap_3yr","official_language","data_use_reg_adjusted_3yr","qual_papers_3yr_plus1","data_use_reg_adjusted_3yr_v2","SPI.INDEX.PIL4_3yr_reg_adjusted_3yr_v2","category","category_adj","category_adj_both"
"AFG",2019,"South Asia","Low income",19,24.9291666666667,37769499,2079.92186098824,47.9444444444444,14.8583333333333,35,59.9,15.575,35,2078.90464815653,36699900.3333333,8,0.517712577620897,0,0.107915585110605,9,-0.433963739393537,-19.5424616294566,"Data Desert","Data Desert","Data Desert"
"AGO",2019,"Sub-Saharan Africa","Lower middle income",6,34.3166666666667,32353588,6602.26921128365,46.3333333333333,28.6333333333333,40,57.3,28.8666666666667,40,6898.97353640725,31278583,2.33333333333333,0.191824546527571,0,-1.69498298821664,3.33333333333333,-1.03809950332175,-12.6191540898696,"Data Desert","Data Desert","Data Desert"
"BDI",2019,"Sub-Saharan Africa","Low income",4,28.0763888888889,11874838,729.658462620426,61.0444444444444,21.1527777777778,35,61.7,18.9666666666667,35,740.298100474229,11507967.6666667,1.33333333333333,0.34758526577948,0,0.113624541225904,2.33333333333333,-0.306497049384154,3.16251507728923,"Data Desert","Data Desert","Data Swamp"
"BEN",2019,"Sub-Saharan Africa","Lower middle income",13.6666666666667,30.2930555555556,12290444,3156.43895692884,57.3888888888889,32.2527777777778,28.3333333333333,58.3,29.65,25,3043.48128713011,11942635.3333333,1.66666666666667,1.14435937171433,0,0.401470122951535,2.66666666666667,0.465879499633158,-0.554415660468401,"Data Desert","Data Oasis","Data Oasis"
"BFA",2019,"Sub-Saharan Africa","Low income",9.66666666666667,31.5069444444444,20951639,2110.06231119074,59.5222222222222,28.0138888888889,35,59.5666666666667,31.525,35,2046.47858447091,20393406.6666667,0,0.474009410230954,0,-0.10291277342534,1,0.818531971323655,4.92837859387787,"Data Desert","Data Oasis","Data Lake"
"BGD",2019,"South Asia","Lower middle income",137.333333333333,36.2763888888889,165516222,5467.20752090206,61.7,47.5527777777778,25,61.6,44.775,25,5140.82745272373,163664714.666667,12,0.839113877496673,0,0.344547359151516,13,0.557718674899044,3.57955630846376,"Data Desert","Data Oasis","Data Lake"
"CHN",2019,"East Asia & Pacific","Upper middle income",1257,45.8305555555556,1407745000,15977.7638279876,46.4444444444444,34.9944444444444,56.6666666666667,46.4,36.6166666666667,65,15118.4306856898,1402240000,144,0.896422866271109,0,0.200044657838175,145,-0.0804303050810447,-30.5622439589568,"Data Desert","Data Desert","Data Desert"
"CIV",2019,"Sub-Saharan Africa","Lower middle income",3.66666666666667,31.6875,26147551,5132.34156942981,59.6444444444444,36.7083333333333,26.6666666666667,59.9,37.1666666666667,25,4970.0612489962,25496518.3333333,0.333333333333333,0.14381048497406,0,-1.81766910893934,1.33333333333333,-0.662419992118071,3.42841506730352,"Data Desert","Data Desert","Data Swamp"
"CMR",2019,"Sub-Saharan Africa","Lower middle income",20.3333333333333,33.1944444444444,25782341,3756.50956165869,61.6111111111111,31.3888888888889,35,61.5666666666667,26.2916666666667,35,3726.70184432855,25084089.6666667,2.66666666666667,0.810606787152159,1,-0.594869339628584,3.66666666666667,-0.0676796102413824,-3.14536515152281,"Data Desert","Data Desert","Data Desert"
"COD",2019,"Sub-Saharan Africa","Low income",19.6666666666667,18.1666666666667,89906890,1059.89211136718,36.8555555555556,18,18.3333333333333,26.2666666666667,18.175,20,1043.89279710905,87092506,3.33333333333333,0.225813535169911,0,-0.0820338942013894,4.33333333333333,0.0665675770934624,-4.77408664654732,"Data Desert","Data Oasis","Data Oasis"
"COL",2019,"Latin America & Caribbean","Upper middle income",65.3333333333333,46.6236111111111,50187406,14616.1351241706,84.2777777777778,43.2472222222222,50,84.2666666666667,46.4416666666667,55,14459.1613715579,49272012.6666667,12.3333333333333,1.32597249021111,0,-0.136391405089644,13.3333333333333,-0.0687543728822559,-12.3654344994792,"Data Desert","Data Desert","Data Desert"
"DJI",2019,"Middle East & North Africa","Lower middle income",1.33333333333333,20.8069444444444,1073994,4768.11300470727,49.0555555555556,21.6138888888889,20,60.3666666666667,16.0583333333333,25,4603.05839237542,1057141.66666667,0.666666666666667,1.26126268160212,0,-0.316095869221577,1.66666666666667,-0.812906291514594,-15.1677177005127,"Data Desert","Data Desert","Data Desert"
"DOM",2019,"Latin America & Caribbean","Upper middle income",9.33333333333333,43.0013888888889,10881882,18171.0609627655,65.5777777777778,29.3361111111111,56.6666666666667,65.6,35.2666666666667,60,17393.2388535833,10764885.6666667,2.33333333333333,0.867016485110834,0,-1.02417080110146,3.33333333333333,-0.476440705915272,-22.1969917408328,"Data Desert","Data Desert","Data Desert"
"DZA",2019,"Middle East & North Africa","Upper middle income",13,41.2597222222222,42705368,11627.2799177398,48.8333333333333,50.8527777777778,31.6666666666667,60.1333333333333,48.25,40,11720.88023085,41922973.6666667,1.66666666666667,0.310092506876162,0,-1.49045924982108,2.66666666666667,-0.309396822735165,5.77326496089835,"Data Desert","Data Desert","Data Swamp"
"ECU",2019,"Latin America & Caribbean","Upper middle income",28.3333333333333,48.9541666666667,17343740,11390.2169659569,87.5888888888889,51.2416666666667,46.6666666666667,87.7333333333333,55.5916666666667,45,11559.3554166902,17018785.3333333,5.33333333333333,1.66482700018779,0,-0.00462612494640702,6.33333333333333,0.0780816249161642,0.812786597409101,"Data Desert","Data Oasis","Data Oasis"
"ETH",2019,"Sub-Saharan Africa","Low income",161.333333333333,24.3236111111111,114120594,2181.65887703263,59.5333333333333,33.6472222222222,15,59.9666666666667,31.6166666666667,15,2079.02804243217,111149327.333333,12,1.45150076211887,0,1.38922063933918,13,1.05968814188577,-1.645070261243,"Data Desert","Data Oasis","Data Oasis"
"GAB",2019,"Sub-Saharan Africa","Upper middle income",2.66666666666667,17.0166666666667,2242785,14478.0017220931,23.7333333333333,14.0333333333333,20,23.7333333333333,14.9833333333333,20,14403.5312414464,2191670.66666667,0,1.21672781737889,0,-0.923296212617497,1,-0.22296751882777,-30.7270361204734,"Data Desert","Data Desert","Data Desert"
"GIN",2019,"Sub-Saharan Africa","Lower middle income",12,15.1791666666667,12877539,2545.1402015108,61.6,20.3583333333333,10,61.4,20.9083333333333,20,2466.81269037416,12557730.6666667,0.666666666666667,0.955586667569873,0,0.368085096489383,1.66666666666667,0.741529510793375,-7.79074483450659,"Data Desert","Data Oasis","Data Oasis"
"GNB",2019,"Sub-Saharan Africa","Low income",0.333333333333333,18.1416666666667,1970457,1890.53310322385,49.6444444444444,16.2833333333333,20,27.2666666666667,17.7583333333333,20,1871.57631006634,1925079.33333333,0.666666666666667,0.173153037156218,0,-1.58569387337015,1.66666666666667,-2.17537026259576,-10.9172509334541,"Data Desert","Data Desert","Data Desert"
"HND",2019,"Latin America & Caribbean","Lower middle income",8.33333333333333,42.35,9958829,5613.66058791544,62.1111111111111,44.7,40,62.3666666666667,46.6583333333333,40,5540.87397090614,9792840.33333333,2,0.850961830243258,0,-0.3261840086082,3,-0.201984112731091,5.0794755088354,"Data Desert","Data Desert","Data Swamp"
"HTI",2019,"Latin America & Caribbean","Lower middle income",11.6666666666667,19.7305555555556,11160438,3112.29594285407,31.1555555555556,19.4611111111111,20,19.6666666666667,16.6833333333333,20,3173.92258501758,11012134,2.33333333333333,1.05943740483604,0,0.278955579974268,3.33333333333333,0.147225552663106,-15.0351629795934,"Data Desert","Data Oasis","Data Oasis"
"IDN",2019,"East Asia & Pacific","Upper middle income",331.333333333333,49.1125,269582878,11857.7891170417,86.9777777777778,44.8916666666667,53.3333333333333,87.3333333333333,43.7916666666667,55,11399.0471564802,267049524.333333,76,1.2407186800294,0,0.332507350116067,77,-0.314966807514537,-16.0664579095054,"Data Desert","Data Desert","Data Desert"
"IRQ",2019,"Middle East & North Africa","Upper middle income",34.3333333333333,29.2236111111111,41563520,10299.3162890193,24.9555555555556,23.4472222222222,35,25,22.0583333333333,35,10090.4069146528,40591794,10.6666666666667,0.845819559818749,0,-0.397673351529587,11.6666666666667,-0.458333936950493,-28.0419821779464,"Data Desert","Data Desert","Data Desert"
"KHM",2019,"East Asia & Pacific","Lower middle income",24,44.6833333333333,16207746,4464.29444969141,59.3222222222222,47.7,41.6666666666667,59.2,46.375,45,4218.21346819387,16021224.3333333,4,1.49801285473959,0,0.526558153446977,5,0.359901759736141,8.5573248408996,"Data Desert","Data Oasis","Data Lake"
"LBR",2019,"Sub-Saharan Africa","Low income",8.66666666666667,32.5236111111111,4985289,1455.63764867217,28.9555555555556,31.7138888888889,33.3333333333333,28.8333333333333,26.4833333333333,45,1503.59411907657,4890437,0.666666666666667,1.77216610022104,1,0.403462698728476,1.66666666666667,0.443660884598643,8.88507850782741,"Data Desert","Data Oasis","Data Lake"
"LBY",2019,"Middle East & North Africa","Upper middle income",7.33333333333333,18.1027777777778,6569088,22535.4456198617,20.2444444444444,16.2055555555556,20,20.6333333333333,10.7916666666667,20,24160.8417250954,6475047.33333333,3.66666666666667,1.13255285341029,0,-1.08391953101111,4.66666666666667,-0.899537546703941,-40.902068174265,"Data Desert","Data Desert","Data Desert"
"LSO",2019,"Sub-Saharan Africa","Lower middle income",1.66666666666667,39.3041666666667,2225702,2452.02766699795,63.2444444444444,38.6083333333333,40,63.2666666666667,39.6666666666667,40,2508.58500394346,2198112,0,0.758226453732415,1,-0.956479376279197,1,-0.667991386224796,12.6126589851249,"Data Desert","Data Desert","Data Swamp"
"MAR",2019,"Middle East & North Africa","Lower middle income",26,38.2208333333333,36304408,8217.5986328125,83.9222222222222,28.1083333333333,48.3333333333333,88.4,28.525,50,8070.43473307292,35920011.3333333,3.33333333333333,0.723830506586514,NA,NA,4.33333333333333,NA,NA,"Data Desert",NA,NA
"MDG",2019,"Sub-Saharan Africa","Low income",15.6666666666667,22.5638888888889,27533134,1585.47165110942,43.6333333333333,15.1277777777778,30,56.3,21.0083333333333,30,1563.65020723111,26849739,0.666666666666667,0.583494188404091,0,0.340671450893721,1.66666666666667,0.874150993416943,-7.72638135837452,"Data Desert","Data Oasis","Data Oasis"
"MLI",2019,"Sub-Saharan Africa","Low income",7,31.95,20567424,2219.04674252443,62.9444444444444,35.5666666666667,28.3333333333333,63.1,35.7083333333333,30,2186.15599039157,19937692.3333333,2.33333333333333,0.351093791747246,0,-0.450792496343539,3.33333333333333,-0.464278821148783,5.37349937949974,"Data Desert","Data Desert","Data Swamp"
"MMR",2019,"East Asia & Pacific","Lower middle income",33.6666666666667,38.5166666666667,53040212,4829.53670703209,55.3888888888889,42.0333333333333,35,67.0666666666667,42.9416666666667,35,4566.25508828411,52664855.6666667,9,0.63926248805758,0,-0.107248357610244,10,-0.249415502450709,-0.450732094076756,"Data Desert","Data Desert","Data Desert"
"MOZ",2019,"Sub-Saharan Africa","Low income",16,35.5472222222222,30285595,1285.18275959651,57.5444444444445,34.4277777777778,36.6666666666667,57.6333333333333,36.175,40,1288.43842714029,29426304.6666667,2.33333333333333,0.543731201768069,0,0.415704996049858,3.33333333333333,0.364512167169571,9.8993586874707,"Data Desert","Data Oasis","Data Lake"
"MRT",2019,"Sub-Saharan Africa","Lower middle income",3,27.3625,4383849,5505.64633125718,51.0888888888889,24.725,30,62.4666666666667,25.0833333333333,35,5377.30927779697,4271525.33333333,0.666666666666667,0.702325227147586,0,-0.686314306819511,1.66666666666667,-0.486319162949282,-12.2612321809467,"Data Desert","Data Desert","Data Desert"
"MWI",2019,"Sub-Saharan Africa","Low income",24,28.4208333333333,18867337,1517.70316939192,61.4777777777778,35.175,21.6666666666667,61.2333333333333,35.425,30,1483.63516583317,18372129,1,1.30632655583901,1,0.406199569302319,2,0.897602539169657,12.7867666230254,"Data Desert","Data Oasis","Data Lake"
"NER",2019,"Sub-Saharan Africa","Low income",23,34.3333333333333,23443393,1217.44598648234,61.6,37,31.6666666666667,61.9666666666667,37.275,35,1188.89505397633,22586124.3333333,2.33333333333333,1.01832433314182,0,1.03525798366039,3.33333333333333,0.831392609115633,13.0199880398567,"Data Desert","Data Oasis","Data Lake"
"NGA",2019,"Sub-Saharan Africa","Lower middle income",253,36.4555555555556,203304492,5076.36829020617,61.9444444444444,32.9111111111111,40,62.4,30.6333333333333,40,5095.38384066874,198396007.333333,39.6666666666667,1.27522727599515,1,0.123738044052758,40.6666666666667,-0.185096248003472,-15.5931771081967,"Data Desert","Data Desert","Data Desert"
"NIC",2019,"Latin America & Caribbean","Lower middle income",9,27.1791666666667,6663924,5398.09441484394,48.8888888888889,27.6916666666667,26.6666666666667,60.0333333333333,27.875,35,5650.04667584557,6572229.66666667,1,1.36939827980246,0,0.046865482788371,2,0.318400331018243,-10.3457692422366,"Data Desert","Data Oasis","Data Oasis"
"PAK",2019,"South Asia","Lower middle income",171.666666666667,34.0444444444444,223293280,5157.546571801,60.3777777777778,36.4222222222222,31.6666666666667,60.9666666666667,39.1166666666667,30,5054.23354601892,219801471.333333,21,0.781007814121183,1,-0.33817071429014,22,-0.118284880388217,-8.62309981057664,"Data Desert","Data Desert","Data Desert"
"PER",2019,"Latin America & Caribbean","Upper middle income",50.3333333333333,44.2277777777778,32824861,12735.16827797,86.0111111111111,51.7888888888889,36.6666666666667,85.7666666666667,51.1333333333333,40,12624.7170098313,32211430.3333333,9.66666666666667,1.56259231001136,0,0.0192940440751825,10.6666666666667,0.0153543075480171,-1.68689990881261,"Data Desert","Data Oasis","Data Oasis"
"PNG",2019,"East Asia & Pacific","Lower middle income",12,18.4,9542486,3947.93392384711,44.3,18.4666666666667,18.3333333333333,55.2666666666667,18.2833333333333,20,3926.65387897413,9328836.33333333,2.66666666666667,1.28633406903305,1,-0.390345198243759,3.66666666666667,-0.290884028386392,-17.5468717729892,"Data Desert","Data Desert","Data Desert"
"SDN",2019,"Sub-Saharan Africa","Low income",26.3333333333333,19.5833333333333,43232093,4133.13037109375,45.7111111111111,25.8333333333333,13.3333333333333,57.9333333333333,18.8166666666667,10,4365.43017578125,41970326.6666667,3.66666666666667,0.627427409428471,1,-0.836771478285284,4.66666666666667,-0.202403856389998,-11.0724760292492,"Data Desert","Data Desert","Data Desert"
"SEN",2019,"Sub-Saharan Africa","Lower middle income",21.3333333333333,41.7166666666667,16000781,3430.48388209103,75.3666666666667,40.1,43.3333333333333,81.0333333333333,39.9166666666667,50,3352.84501929068,15577827.6666667,2.66666666666667,1.36946779678288,0,0.578638185087922,3.66666666666667,0.551246370124077,4.88196105101979,"Data Desert","Data Oasis","Data Lake"
"SLE",2019,"Sub-Saharan Africa","Low income",7,23.7291666666667,8046828,1655.84325026579,63.8222222222222,27.4583333333333,20,65.2333333333333,30.1333333333333,20,1619.89393363683,7861891.33333333,1.33333333333333,0.890370993849911,1,-0.225642183489279,2.33333333333333,-0.205667145073284,2.54773748421622,"Data Desert","Data Desert","Data Swamp"
"SLV",2019,"Latin America & Caribbean","Upper middle income",4.66666666666667,48.4930555555556,6280217,9023.0265751173,79.5222222222222,46.9861111111111,50,79.9333333333333,44.9333333333333,60,8817.71641028474,6274404.33333333,1,0.74376250218281,0,-0.861197505887215,2,-0.430231561910351,4.45186015892163,"Data Desert","Data Desert","Data Swamp"
"SOM",2019,"Sub-Saharan Africa","Low income",6.33333333333333,0,15981300,1138.28593747493,24.7111111111111,0,0,36.0333333333333,0,0,1098.64090049596,15418871.6666667,3.33333333333333,0.410752062164514,0,0.0920059228482093,4.33333333333333,-0.524463872949644,-24.9596951704206,"Data Desert","Data Desert","Data Desert"
"SSD",2019,"Sub-Saharan Africa","Low income",4.33333333333333,22.7930555555556,10447666,NA,19.5444444444444,17.2527777777778,28.3333333333333,41.7666666666667,14.8916666666667,30,NA,10500407,2.33333333333333,0.412682416341894,1,NA,3.33333333333333,NA,NA,"Data Desert",NA,NA
"SYR",2019,"Middle East & North Africa","Low income",13.3333333333333,21.2083333333333,20098251,NA,24.0111111111111,17.4166666666667,25,24.8333333333333,17.7416666666667,25,NA,19471695.6666667,7.66666666666667,0.684754608000498,0,NA,8.66666666666667,NA,NA,"Data Desert",NA,NA
"TCD",2019,"Sub-Saharan Africa","Low income",3.66666666666667,15.3083333333333,16126866,1561.99667256928,29.3111111111111,15.6166666666667,15,51.5333333333333,17.2833333333333,15,1568.43373539703,15605653.3333333,1.66666666666667,0.234957588019384,0,-0.693551553070888,2.66666666666667,-0.776529317458079,-10.3011227681268,"Data Desert","Data Desert","Data Desert"
"TGO",2019,"Sub-Saharan Africa","Low income",11.6666666666667,38.9402777777778,8243094,2073.12978101301,59.5666666666667,37.8805555555556,40,59.8333333333333,41.025,45,2023.30543199159,8047522.66666667,1,1.44972150435695,0,0.81220603759235,2,0.759252492960836,10.3105254424012,"Data Desert","Data Oasis","Data Lake"
"TJK",2019,"Europe & Central Asia","Lower middle income",2.33333333333333,45.8833333333333,9337003,3575.28195629146,31.5333333333333,41.7666666666667,50,31.3666666666667,41.9416666666667,50,3405.61162582455,9130220,1.33333333333333,0.255561567337187,0,-1.23088356875905,2.33333333333333,-1.13723725546566,8.28796083083248,"Data Desert","Data Desert","Data Swamp"
"TKM",2019,"Europe & Central Asia","Upper middle income",1,10.375,6158420,14992.6039650936,2.44444444444444,12.4166666666667,8.33333333333333,0.633333333333333,13.3333333333333,15,14339.0854204875,6063956.33333333,1,0.164908839218224,0,-2.68894946685558,2,-2.07631267327386,-35.0139051922098,"Data Desert","Data Desert","Data Desert"
"TUN",2019,"Middle East & North Africa","Lower middle income",23.3333333333333,37.9875,12049314,11113.8028778222,83.4111111111111,49.3083333333333,26.6666666666667,85.6666666666667,49.8083333333333,30,11011.8068710418,11931266,4,1.95564605913013,0,0.107424388634789,5,0.196073092566625,0.282948231644731,"Data Desert","Data Oasis","Data Oasis"
"TZA",2019,"Sub-Saharan Africa","Lower middle income",86.6666666666667,43.6652777777778,59872579,2577.78955078125,60.5333333333333,40.6638888888889,46.6666666666667,60.7,39.275,45,2515.40454101563,58076684.6666667,8.33333333333333,1.49227985660844,1,0.458748210563501,9.33333333333333,0.469232244289211,5.88700103661814,"Data Desert","Data Oasis","Data Lake"
"UKR",2019,"Europe & Central Asia","Upper middle income",37.3333333333333,68.5541666666667,44386203,12804.955078125,45.9666666666667,50.4416666666667,86.6666666666667,46.0666666666667,49.0166666666667,100,12334.1474609375,44613285.3333333,25,0.836820984027359,0,-0.516569276321932,26,-1.08622049295272,-7.24122793435242,"Data Desert","Data Desert","Data Desert"
"UZB",2019,"Europe & Central Asia","Lower middle income",4,48.3666666666667,33580350,7403.74278036323,33.7444444444444,31.7333333333333,65,56,33.425,65,7120.88545109089,32975016.6666667,1,0.12130395688453,0,-2.1617558044331,2,-1.06438139067362,-7.05854514725511,"Data Desert","Data Desert","Data Desert"
"VEN",2019,"Latin America & Caribbean","Not classified",10,31.7638888888889,28971683,NA,59.9555555555556,38.5277777777778,25,59.9,35.75,25,NA,29786923,3,0.335717791327422,0,NA,4,NA,NA,"Data Desert",NA,NA
"YEM",2019,"Middle East & North Africa","Low income",13,21.875,31546691,NA,25.5333333333333,20.4166666666667,23.3333333333333,25.5333333333333,20.4166666666667,20,NA,30790531,3,0.422207723536824,0,NA,4,NA,NA,"Data Desert",NA,NA
"ZMB",2019,"Sub-Saharan Africa","Lower middle income",31.6666666666667,38.1291666666667,18380477,3372.3589795823,57.4444444444444,36.2583333333333,40,57.8,36.8083333333333,40,3397.92920043766,17838141.3333333,3.66666666666667,1.77522232136891,1,0.171581657589744,4.66666666666667,0.316025350910382,1.03115058631872,"Data Desert","Data Oasis","Data Oasis"
"ALB",2019,"Europe & Central Asia","Upper middle income",8.33333333333333,68.9833333333333,2854191,13653.182207385,58.4777777777778,57.9666666666667,80,69.7666666666667,59.4416666666667,75,13247.0977781688,2864674.66666667,3.33333333333333,2.9089981596514,0,0.0628631525288688,4.33333333333333,-0.307986261811206,6.47678407441001,"Data Lake","Data Swamp","Data Swamp"
"ARM",2019,"Europe & Central Asia","Upper middle income",6.66666666666667,71.7541666666667,2820602,14317.5528692827,85.0555555555555,60.175,83.3333333333333,84.9666666666667,59.9416666666667,85,13352.8745149363,2836360.66666667,2,2.35042981134745,0,-0.157723464555795,3,-0.239259846566274,10.5584521878077,"Data Lake","Data Swamp","Data Swamp"
"AUS",2019,"East Asia & Pacific","High income",419.333333333333,87.2083333333333,25340217,49379.093333787,93.2777777777778,74.4166666666667,100,92.6666666666667,74.4666666666667,100,48944.0523582996,24967020.6666667,58.6666666666667,16.7954894951957,1,0.773664882715358,59.6666666666667,0.138494642421773,-0.766384572116536,"Data Lake","Data Lake","Data Oasis"
"AUT",2019,"Europe & Central Asia","High income",53,89.5958333333333,8879920,55806.4382499366,89.8333333333333,79.1916666666667,100,91.3,79.75,100,55065.5705229463,8839335.66666667,10.3333333333333,5.99592571191342,0,0.12151369116674,11.3333333333333,0.0799959599003173,9.40991975396307,"Data Lake","Data Lake","Data Lake"
"BEL",2019,"Europe & Central Asia","High income",58.3333333333333,82.0625,11488980,51987.7139145095,72.9888888888889,67.4583333333333,96.6666666666667,83.9333333333333,67.8666666666667,100,51181.1553982913,11430397.3333333,9.33333333333333,5.10335132123724,0,0.0656213112726878,10.3333333333333,0.184110427999431,-0.85014470006432,"Data Lake","Data Lake","Data Oasis"
"BGR",2019,"Europe & Central Asia","High income",21.6666666666667,80.1625,6975761,23266.0693152803,80.3777777777778,71.9916666666667,88.3333333333333,90.1,70.8416666666667,90,22314.0657316696,7025581.66666667,5,3.08396766198955,0,-0.0124324782724283,6,-0.0218593949949573,14.4170645531721,"Data Lake","Data Swamp","Data Swamp"
"BWA",2019,"Sub-Saharan Africa","Upper middle income",16,45.5666666666667,2499702,15117.9906741015,66.4555555555555,54.4666666666667,36.6666666666667,66.5666666666667,54.7916666666667,40,14912.282207439,2450983.66666667,4.33333333333333,6.52799127860365,1,0.0709519202282736,5.33333333333333,-0.191254182621659,1.81396598269518,"Data Lake","Data Swamp","Data Desert"
"CAN",2019,"North America","High income",332,89.35,37601230,49175.6770500696,93.8777777777778,82.0333333333333,96.6666666666667,93.2,84.1166666666667,100,48818.4443814923,37070516.6666667,62,8.95590431029871,1,0.235848328953089,63,-0.263928782054785,6.9681082123176,"Data Lake","Data Swamp","Data Swamp"
"CHE",2019,"Europe & Central Asia","High income",101,85.9472222222222,8575280,69923.9312089954,87.1,81.8944444444444,90,87.6666666666667,80.8583333333333,90,69248.9244378394,8513816.33333333,14.6666666666667,11.8630701022483,0,0.647515585571272,15.6666666666667,0.426023102785708,8.05607863155358,"Data Lake","Data Lake","Data Lake"
"CHL",2019,"Latin America & Caribbean","High income",62.3333333333333,72.7944444444445,19039485,24809.8609735994,76.2333333333333,60.5888888888889,85,76.9666666666667,59.525,95,24809.587821218,18703170.6666667,8.33333333333333,3.33276824792203,0,0.21802062780976,9.33333333333333,0.346806461931716,0.542802114310746,"Data Lake","Data Lake","Data Oasis"
"CRI",2019,"Latin America & Caribbean","Upper middle income",17.3333333333333,64.2583333333333,5084532,20818.061678299,86.5666666666667,65.1833333333333,63.3333333333333,86.4666666666667,66.4666666666667,70,20496.5196543045,5039702.66666667,1.66666666666667,3.43935634298002,0,0.0763789847975853,2.66666666666667,0.522567102077252,12.4650834703733,"Data Lake","Data Lake","Data Lake"
"CYP",2019,"Europe & Central Asia","High income",11.3333333333333,77.7708333333333,1228836,41739.46484375,78.9,72.2083333333333,83.3333333333333,92.2666666666666,73.3083333333333,85,40082.4166666667,1218730,3.33333333333333,9.29929790300832,0,0.31751934183518,4.33333333333333,0.00771344555004649,8.81794407805417,"Data Lake","Data Swamp","Data Swamp"
"CZE",2019,"Europe & Central Asia","High income",52,85.2125,10671870,40989.7266228223,79.0111111111111,75.425,95,90.1,75.6166666666667,95,39918.6332965577,10632078.6666667,7.66666666666667,4.89085922238599,0,0.16708123475324,8.66666666666667,0.290936290471082,10.4710359451949,"Data Lake","Data Lake","Data Lake"
"DEU",2019,"Europe & Central Asia","High income",315.666666666667,84.4083333333333,83092962,53874.3166510099,94.6666666666666,73.8166666666667,95,96.4666666666666,74.9166666666667,95,53459.0550288487,82885248.6666667,44.3333333333333,3.80847824847772,0,0.192568829002448,45.3333333333333,0.0593625215463058,-0.902875981337061,"Data Lake","Data Lake","Data Oasis"
"DNK",2019,"Europe & Central Asia","High income",104,87.3583333333333,5814422,56813.9641554635,87.4888888888889,74.7166666666667,100,98.7,75.9916666666667,100,56116.4731885413,5791012.66666667,10.6666666666667,17.9588624626274,0,1.11075125440777,11.6666666666667,0.862053304256015,4.18216002246142,"Data Lake","Data Lake","Data Lake"
"ESP",2019,"Europe & Central Asia","High income",221,87.0708333333333,47134837,40782.2350436035,89.7777777777778,77.475,96.6666666666667,90.8666666666666,77.8666666666667,100,40203.1107612288,46841942.3333333,27,4.71799393858041,0,0.461624015683983,28,0.334636319867527,7.62542159620668,"Data Lake","Data Lake","Data Lake"
"EST",2019,"Europe & Central Asia","High income",19.6666666666667,84.7208333333333,1326898,36153.4319482746,82.2444444444444,69.4416666666667,100,93.9333333333333,68.9416666666667,100,34985.0773020618,1322086.33333333,5.33333333333333,14.8754783789964,0,0.893447537700263,6.33333333333333,0.265541056650322,5.46517990476399,"Data Lake","Data Lake","Data Lake"
"FIN",2019,"Europe & Central Asia","High income",88.3333333333333,85.8625,5521606,48583.4339897935,95.2888888888889,71.725,100,94.9333333333333,72.3666666666667,100,48067.3640632305,5515115,11,16.0165895603869,0,1.08515516262997,12,0.729261420268867,2.54154329572422,"Data Lake","Data Lake","Data Oasis"
"FRA",2019,"Europe & Central Asia","High income",183,83.8833333333333,67388001,45922.7947390313,90.2555555555555,67.7666666666667,100,90.8,67.7166666666667,100,45248.6067273527,67154789.6666667,34,2.72504762368178,0,-0.0821508908438888,35,-0.174051170493514,-4.10797766009357,"Data Lake","Data Swamp","Data Desert"
"GBR",2019,"Europe & Central Asia","High income",250.666666666667,77.7625,66836327,47088.2055266782,86.7888888888889,65.525,90,86.8,66.0166666666667,90,46599.7127312052,66451843.3333333,70.6666666666667,3.77215520432265,1,-0.4669120457457,71.6666666666667,-0.822510200126594,-9.19843327188363,"Data Lake","Data Swamp","Data Desert"
"GEO",2019,"Europe & Central Asia","Upper middle income",29.3333333333333,63.6888888888889,3720161,14989.2581602038,86.2222222222222,54.0444444444444,73.3333333333333,86.4666666666667,60.1166666666667,80,14277.4581791879,3724904.66666667,5.33333333333333,7.87492189956718,0,1.06974961073256,6.33333333333333,0.54855511904748,0.0340195363746005,"Data Lake","Data Lake","Data Oasis"
"GRC",2019,"Europe & Central Asia","High income",75.3333333333333,83.2583333333333,10721582,29721.5857620428,86.7111111111111,69.85,96.6666666666667,87.5,70.7666666666667,100,29155.8736950823,10736381,20.6666666666667,7.01664120650462,0,0.732917533585502,21.6666666666667,0.00970368151124124,3.15793397427788,"Data Lake","Data Swamp","Data Swamp"
"HRV",2019,"Europe & Central Asia","High income",31,72.8833333333333,4065253,29347.5161917663,49.7555555555556,64.1,81.6666666666667,50.7666666666667,64.2166666666667,90,28258.1280401502,4092542.33333333,6,7.57475365557204,0,0.611679746413408,7,0.330933597773528,2.8179776609592,"Data Lake","Data Lake","Data Lake"
"HUN",2019,"Europe & Central Asia","High income",35,84.1333333333333,9771141,32645.6637288361,86.3666666666667,68.2666666666667,100,86.8666666666667,68.2666666666667,100,31086.368597551,9778223.66666667,9.33333333333333,3.57938222658096,0,-0.0026674559222335,10.3333333333333,-0.157206594356376,4.79432951854771,"Data Lake","Data Swamp","Data Swamp"
"IRL",2019,"Europe & Central Asia","High income",94.6666666666667,81.5291666666667,4934340,86925.9065817976,93.5555555555555,66.3916666666667,96.6666666666667,94.7333333333333,66.3416666666667,100,82823.3785584788,4869681.33333333,23.3333333333333,19.4400126387462,1,0.211118463205039,24.3333333333333,-0.243797406589006,-10.846774338766,"Data Lake","Data Swamp","Data Desert"
"IRN",2019,"Middle East & North Africa","Upper middle income",321.333333333333,44.9916666666667,86564202,14084.3535121898,48.7888888888889,56.65,33.3333333333333,59.8,57.0166666666667,35,14625.5307223783,85562280,21.6666666666667,3.75554897944904,0,1.02203209488299,22.6666666666667,0.925454699964175,-1.3752644641677,"Data Lake","Data Lake","Data Oasis"
"ITA",2019,"Europe & Central Asia","High income",245,91.4125,59729081,42739.0499116836,91.0666666666666,82.825,100,91.8666666666666,82.175,100,42122.0307238908,60229183.3333333,30,4.06779548452563,0,0.34006484436113,31,0.265638607622317,12.2089500865307,"Data Lake","Data Lake","Data Lake"
"JAM",2019,"Latin America & Caribbean","Upper middle income",10.6666666666667,44.5569444444444,2813773,10244.3661921245,61.0888888888889,57.4472222222222,31.6666666666667,73.7333333333333,56.6,30,10129.9021932422,2811328,2,3.79417366691708,1,-0.191188476854411,3,-0.0932520130859937,11.865582161489,"Data Lake","Data Swamp","Data Swamp"
"JPN",2019,"East Asia & Pacific","High income",392.666666666667,85.5708333333333,126633000,41654.3279152693,77.8333333333333,77.8083333333333,93.3333333333333,90.5333333333333,80,95,41620.7880430351,126805333.333333,42.3333333333333,3.0966100269179,0,0.243237772788733,43.3333333333333,0.237168166319438,6.24448865179799,"Data Lake","Data Lake","Data Lake"
"KOR",2019,"East Asia & Pacific","High income",176.666666666667,80.0888888888889,51764822,42758.5903686092,82.0333333333333,76.8444444444444,83.3333333333333,93.4,82.4,90,41893.9663208049,51570597,13,3.42572467537397,0,0.136705987022484,14,0.617834665050686,10.3750231780121,"Data Lake","Data Lake","Data Lake"
"KWT",2019,"Middle East & North Africa","High income",16.3333333333333,47.3958333333333,4441100,47314.7968373973,55.3888888888889,63.125,31.6666666666667,66.3333333333333,63.125,40,48755.034196768,4294396.33333333,0.333333333333333,3.80340612871549,0,-0.418274339436603,1.33333333333333,0.85441285303728,5.28376958298738,"Data Lake","Data Lake","Data Lake"
"LKA",2019,"South Asia","Lower middle income",52.6666666666667,58.8875,21803000,13639.0218853482,80.8666666666667,72.775,45,81.0333333333333,73.75,45,13645.5319196933,21659937.6666667,8.66666666666667,2.43152438742783,0,0.321615942766973,9.66666666666667,0.246880951203166,18.6630644030052,"Data Lake","Data Lake","Data Lake"
"LTU",2019,"Europe & Central Asia","High income",21,86.025,2794137,37184.4536013211,80.1555555555555,72.05,100,91.8333333333333,71.8666666666667,100,35464.3443080104,2808027.66666667,7,7.47855879387703,0,0.367220198659351,8,-0.0979071609692741,7.41910452956039,"Data Lake","Data Swamp","Data Swamp"
"LVA",2019,"Europe & Central Asia","High income",15,83.6083333333333,1913822,31038.6792668747,90.4444444444444,67.2166666666667,100,89.1666666666667,68.0416666666667,100,29921.2150755482,1927748,4,7.78110001929713,0,0.431537748385739,5,0.0982086698010503,6.43034547168559,"Data Lake","Data Lake","Data Lake"
"MKD",2019,"Europe & Central Asia","Upper middle income",11.6666666666667,58.4902777777778,2076694,16773.081717702,76.6777777777778,56.9805555555556,60,88.0666666666667,55.9833333333333,65,16208.3799751112,2075804.33333333,4.33333333333333,5.62031135561428,0,0.518482277781934,5.33333333333333,-0.0808398287345256,2.0531001228066,"Data Lake","Data Swamp","Data Desert"
"MNG",2019,"East Asia & Pacific","Upper middle income",16.6666666666667,61.3208333333333,3232430,12458.0184257633,77.9,64.3083333333333,58.3333333333333,80,63.9416666666667,60,11980.6034181811,3164150.33333333,0,5.26734349221292,0,0.743885764547361,1,1.53619700363044,21.745332401501,"Data Lake","Data Lake","Data Lake"
"MUS",2019,"Sub-Saharan Africa","Upper middle income",2.66666666666667,67.0125,1265985,23676.4135788934,86.5444444444444,65.6916666666667,68.3333333333333,86.2,66.375,70,22946.2518950377,1265483,0.333333333333333,2.10723231103592,0,-0.798655156809273,1.33333333333333,-0.38610739441038,14.2070357323455,"Data Lake","Data Swamp","Data Swamp"
"MYS",2019,"East Asia & Pacific","Upper middle income",233,58.1583333333333,32804020,27674.3974895709,72.6111111111111,67.9833333333333,48.3333333333333,84.0333333333333,68.2,50,26815.1144749661,32393032.3333333,29,7.19290486924364,0,1.06127788282076,30,0.548159098136792,1.4595451332202,"Data Lake","Data Lake","Data Oasis"
"NLD",2019,"Europe & Central Asia","High income",198.666666666667,84.6041666666667,17344874,56784.0372529824,87.6777777777778,69.2083333333333,100,98.5,71.4666666666667,100,55977.8615601991,17235931.3333333,26,11.5263087804519,0,0.915370920402916,27,0.497583116635916,-4.72484011161754,"Data Lake","Data Lake","Data Oasis"
"NOR",2019,"Europe & Central Asia","High income",120.666666666667,89.575,5347896,64983.3542076922,81.1666666666667,79.15,100,92.2333333333333,80.6666666666667,100,64756.4670048901,5312260,15,22.7147516625065,0,1.23378677218341,16,0.754387556824192,5.41403294617815,"Data Lake","Data Lake","Data Lake"
"NZL",2019,"East Asia & Pacific","High income",177,78.7416666666667,4979200,43272.5669090792,91.7,64.15,93.3333333333333,91.6333333333333,64.3666666666667,100,42798.0608220025,4897800,27.3333333333333,36.1386745069215,1,1.25842255150163,28.3333333333333,0.418144847138292,-7.29147153174732,"Data Lake","Data Lake","Data Oasis"
"OMN",2019,"Middle East & North Africa","High income",22,50.75,4602768,33814.1116228719,42.2555555555556,63.1666666666667,38.3333333333333,44.4,64.225,40,34081.5355058503,4581926.33333333,1.33333333333333,4.80147396520779,0,0.0604129560361955,2.33333333333333,0.775091771164088,5.98284021371474,"Data Lake","Data Lake","Data Lake"
"PAN",2019,"Latin America & Caribbean","High income",12,42.4583333333333,4232532,32788.3325108816,51.4555555555555,59.9166666666667,25,62.8,59.9166666666667,30,32228.5684124258,4164616.66666667,1.66666666666667,2.88141765748748,0,-0.435739426859433,2.66666666666667,0.107407043281681,2.48700307186516,"Data Lake","Data Lake","Data Oasis"
"POL",2019,"Europe & Central Asia","High income",119.333333333333,88.9375,37965475,33159.7644200741,83.4222222222222,79.5416666666667,98.3333333333333,95.1,79.7166666666667,100,31619.0473636846,37971683.6666667,20.3333333333333,3.14269270704185,0,0.162845432369832,21.3333333333333,0.0580828310016113,13.342709931141,"Data Lake","Data Lake","Data Lake"
"PRT",2019,"Europe & Central Asia","High income",68.6666666666667,84.65,10286263,34945.6615139469,90.7222222222222,69.3,100,90.7666666666667,69.4416666666667,100,34010.3678800204,10290128.3333333,16.6666666666667,6.6730622245236,0,0.573751421736022,17.6666666666667,0.0550048235265086,2.11567652098911,"Data Lake","Data Lake","Data Oasis"
"PSE",2019,"Middle East & North Africa","Lower middle income",17.6666666666667,62.125,4685306,6245.44869712345,73.3444444444444,65.9166666666667,58.3333333333333,86.5666666666667,69.9,60,6321.79988538084,4569732.66666667,5,3.86601754530061,0,0.930115693883804,6,0.214087409867495,20.5410364284293,"Data Lake","Data Lake","Data Lake"
"QAT",2019,"Middle East & North Africa","High income",18.6666666666667,46.0375,2807235,90840.429077198,39.7222222222222,60.4083333333333,31.6666666666667,61.9666666666667,60.7666666666667,45,91493.2138220628,2761907.33333333,3,6.75861439715211,0,-0.349224975426643,4,0.110182271789204,-10.0188099503564,"Data Lake","Data Lake","Data Oasis"
"ROU",2019,"Europe & Central Asia","High income",61,71.4666666666667,19371648,30000.977830377,84.3222222222222,71.2666666666667,71.6666666666667,87.1666666666667,73.6416666666667,80,28560.1401884379,19478111,15,3.1317205246443,0,0.0741418126772651,16,-0.147507086124116,6.97517227602867,"Data Lake","Data Swamp","Data Swamp"
"SAU",2019,"Middle East & North Africa","High income",127.666666666667,56.6125,35827362,47024.5443161916,49.2111111111111,76.5583333333333,36.6666666666667,60.7333333333333,78.975,50,47430.1721374998,35012872.3333333,13.3333333333333,3.64627801601767,0,0.0315115040973,14.3333333333333,0.368622177934854,8.34741781796242,"Data Lake","Data Lake","Data Lake"
"SGP",2019,"East Asia & Pacific","High income",88.6666666666667,65,5703569,98455.3282334375,85.6222222222222,53.3333333333333,76.6666666666667,100,53.3333333333333,80,97356.5053915461,5651499.33333333,10,15.6890519554162,1,-0.0739139794428407,11,0.231723952958654,-21.1409710915393,"Data Lake","Data Lake","Data Oasis"
"SRB",2019,"Europe & Central Asia","Upper middle income",25.3333333333333,68.5583333333333,6945235,18306.8118974969,65.8777777777778,60.45,76.6666666666667,67.3666666666667,63.1666666666667,80,17456.8961252234,6982899,8,3.62791060465479,0,0.307015793077759,9,-0.125135772471918,3.16096449213851,"Data Lake","Data Swamp","Data Swamp"
"SVK",2019,"Europe & Central Asia","High income",22,86.7833333333333,5454147,32056.2997333253,94.3,73.5666666666667,100,94.9333333333333,73.0916666666667,100,31170.8290893991,5446716.66666667,5,4.03913060773616,0,-0.0158107463919048,6,-0.00522692730692942,12.4025187442684,"Data Lake","Data Swamp","Data Swamp"
"SVN",2019,"Europe & Central Asia","High income",21.3333333333333,85.5875,2088385,39034.2332483558,96.0444444444444,71.175,100,96.9333333333333,71.4416666666667,100,37845.8342229883,2076222.33333333,7,10.275071696721,0,0.574736122780032,8,-0.00107192707604709,5.60204784527402,"Data Lake","Data Swamp","Data Swamp"
"SWE",2019,"Europe & Central Asia","High income",178.333333333333,86.2583333333333,10278887,52850.5691792533,95.1555555555556,72.5166666666667,100,94.8666666666667,72.5166666666667,100,52382.6052848792,10170599.6666667,24.6666666666667,17.5342004579933,0,1.25851744199335,25.6666666666667,0.614427399709478,-0.992379061260038,"Data Lake","Data Lake","Data Oasis"
"THA",2019,"East Asia & Pacific","Upper middle income",140,63.675,71307763,17997.1330707129,76.3555555555555,57.35,70,76.4666666666667,57.85,70,17558.0723566755,71111255.6666667,9.33333333333333,1.96874599790853,0,0.216480801720048,10.3333333333333,0.730801262183301,1.5101806892689,"Data Lake","Data Lake","Data Oasis"
"TUR",2019,"Europe & Central Asia","Upper middle income",182,76.8319444444444,83481684,28150.0589486703,84.7111111111111,58.6638888888889,95,84,53.1083333333333,100,27963.6230711818,82793604.6666667,28.6666666666667,2.19823742102721,0,0.0608424690227443,29.6666666666667,-0.000538516297751812,-7.3122644331364,"Data Lake","Data Swamp","Data Desert"
"URY",2019,"Latin America & Caribbean","High income",12,44.9930555555556,3428409,23552.842731429,83.8111111111111,66.6527777777778,23.3333333333333,83.9,64.2333333333333,20,23441.9039745162,3425883.66666667,2,3.50274590954684,0,-0.0792153816990129,3,0.153154695190111,11.5896740434374,"Data Lake","Data Lake","Data Lake"
"USA",2019,"North America","High income",847.333333333333,92.5236111111111,328329953,62470.9299128669,92.8555555555556,85.0472222222222,100,94,87.5,100,61242.3802565663,326763426.666667,191.666666666667,2.59310946141382,1,-0.658064628172847,192.666666666667,-0.961494367235787,3.8532155814142,"Data Lake","Data Swamp","Data Swamp"
"ZAF",2019,"Sub-Saharan Africa","Upper middle income",252.666666666667,65.5902777777778,58087055,13852.20596866,84.9222222222222,66.1805555555555,65,85.5,65.2,65,13930.9914458379,57355966.3333333,50.6666666666667,4.40523772537026,1,0.434036904761647,51.6666666666667,-0.219395274849078,5.13849226267502,"Data Lake","Data Swamp","Data Swamp"
"BHR",2019,"Middle East & North Africa","High income",6,36.2888888888889,1494188,49768.9762142136,53.1555555555556,40.9111111111111,31.6666666666667,64.2666666666667,46.4666666666667,30,49212.0278628609,1479454,1.33333333333333,4.05555022325804,0,-0.600918936576715,2.33333333333333,-0.250335091073996,-21.0405406223771,"Data Oasis","Data Desert","Data Desert"
"BIH",2019,"Europe & Central Asia","Upper middle income",12,54.4083333333333,3360711,14851.6485875733,49.6888888888889,47.15,61.6666666666667,60.6666666666667,47.3833333333333,60,14233.784383946,3400289,5.33333333333333,3.52911179020372,0,0.248484032243013,6.33333333333333,-0.315335746168647,-6.91795816752581,"Data Oasis","Data Desert","Data Desert"
"COG",2019,"Sub-Saharan Africa","Lower middle income",18,24.2694444444444,5570733,3695.06169357,27.8555555555556,28.5388888888889,20,27.9333333333333,27.15,20,3851.79992615435,5441378.33333333,3,3.3079853848305,0,1.13335478266299,4,0.616080415009123,-9.54829026157102,"Data Oasis","Data Oasis","Data Oasis"
"GHA",2019,"Sub-Saharan Africa","Lower middle income",113.333333333333,38.2875,31522290,5345.94159228145,61.0666666666667,33.2416666666667,43.3333333333333,61.2666666666667,33.6,50,5133.58634531817,30871731,7.33333333333333,3.67110394079727,1,0.755865211530871,8.33333333333333,0.85836219911759,-8.67677881182944,"Data Oasis","Data Oasis","Data Oasis"
"GMB",2019,"Sub-Saharan Africa","Low income",6.33333333333333,30.1041666666667,2508883,2083.3090583462,49.8222222222222,31.875,28.3333333333333,28.5333333333333,32.7166666666667,35,2007.64659022291,2444993.66666667,0,2.59032709150849,1,0.43985438432079,1,0.686329760531632,8.21030760694635,"Data Oasis","Data Oasis","Data Lake"
"ISR",2019,"Middle East & North Africa","High income",64.6666666666667,71.575,9054000,41151.0067396475,85.2222222222222,46.4833333333333,96.6666666666667,85.7333333333333,46.4833333333333,100,40289.8566351323,8883366.66666667,17,7.27952240329305,0,0.518198400687109,18,-0.0133365879645426,-22.6376227213614,"Data Oasis","Data Desert","Data Desert"
"JOR",2019,"Middle East & North Africa","Lower middle income",44.3333333333333,35.2402777777778,10698683,9534.6609493486,80.4555555555555,48.8138888888889,21.6666666666667,80.8333333333333,47.925,30,9582.75702813435,10457976.3333333,6.66666666666667,4.23918853134397,0,0.940976516906924,7.66666666666667,0.575655564281,-1.22982029458061,"Data Oasis","Data Oasis","Data Oasis"
"KEN",2019,"Sub-Saharan Africa","Lower middle income",147.333333333333,38.8458333333333,50951450,4601.21137258037,60.5666666666667,36.025,41.6666666666667,60.4666666666667,35.7916666666667,45,4459.64450025235,49950963.6666667,14.6666666666667,2.94955937820379,1,0.736573709206776,15.6666666666667,0.501536046035502,-7.38943680194487,"Data Oasis","Data Oasis","Data Oasis"
"LAO",2019,"East Asia & Pacific","Lower middle income",16,31.1166666666667,7212053,7840.07138309428,45.8333333333333,40.5666666666667,21.6666666666667,56.6333333333333,40.5333333333333,30,7532.55490866766,7104992,1,2.25193779247042,0,0.376358494439759,2,0.799872893700805,-0.271729448509603,"Data Oasis","Data Oasis","Data Oasis"
"LBN",2019,"Middle East & North Africa","Lower middle income",21.6666666666667,35.0541666666667,5781907,17185.0470183692,51.1444444444444,48.4416666666667,21.6666666666667,62.6,49.3583333333333,30,17643.5641237848,5947332.66666667,3.33333333333333,3.64308974813247,0,0.268053641697328,4.33333333333333,0.344948671413539,-5.20835441421215,"Data Oasis","Data Oasis","Data Oasis"
"NPL",2019,"South Asia","Lower middle income",84,31.1444444444444,28832496,3922.08133124638,61.1333333333333,42.2888888888889,20,61.3333333333333,40.9083333333333,20,3712.3059690546,28507544.6666667,6.66666666666667,2.94658838501162,0,1.41571939984111,7.66666666666667,1.12100687136505,2.70014216355815,"Data Oasis","Data Oasis","Data Lake"
"RWA",2019,"Sub-Saharan Africa","Low income",25.6666666666667,46.7361111111111,12835028,2190.6709601992,71.9777777777778,46.8055555555556,46.6666666666667,72.4333333333333,49.4083333333333,45,2058.44564920151,12532391.6666667,3.33333333333333,2.04802621473555,1,0.558140240021775,4.33333333333333,0.397694138354574,16.6457370469769,"Data Oasis","Data Oasis","Data Lake"
"SWZ",2019,"Sub-Saharan Africa","Lower middle income",6,27.8555555555556,1169613,8501.26632860999,32.5,17.3777777777778,38.3333333333333,22.4333333333333,19.8083333333333,40,8353.03663573304,1160477,0.666666666666667,5.17028773512961,1,0.042756526814395,1.66666666666667,0.125406604273954,-23.9935164524609,"Data Oasis","Data Oasis","Data Oasis"
"TLS",2019,"East Asia & Pacific","Lower middle income",3.33333333333333,43.8541666666667,1280438,3737.79654389172,46.8444444444444,32.7083333333333,55,58.2333333333333,32.7083333333333,55,3315.68131301071,1261839.33333333,1,2.64164640083603,0,0.674855384963267,2,-0.0187227935488219,-1.59382726463488,"Data Oasis","Data Desert","Data Desert"
"TTO",2019,"Latin America & Caribbean","High income",4.33333333333333,38.7,1519955,25306.6179563327,38.8111111111111,42.4,35,27.2666666666667,42.7583333333333,40,25685.1276574686,1501090.33333333,0.666666666666667,2.88679051294048,1,-1.20661323722644,1.66666666666667,-0.551688527780309,-9.95775086148421,"Data Oasis","Data Desert","Data Desert"
"UGA",2019,"Sub-Saharan Africa","Low income",93.6666666666667,49.8583333333333,42949080,2250.01492164686,64.5111111111111,38.05,61.6666666666667,64.2,33.8666666666667,65,2188.4396457934,41530520,7.33333333333333,2.25536946483373,1,0.885818143420054,8.33333333333333,0.777205388786292,4.94639828139061,"Data Oasis","Data Oasis","Data Lake"
"ZWE",2019,"Sub-Saharan Africa","Lower middle income",33,41.65,15354608,2203.39680951757,48.4222222222222,41.6333333333333,41.6666666666667,59.9333333333333,43.0916666666667,45,2311.5997311046,15052631,7.66666666666667,2.19230777662722,1,0.592790537738736,8.66666666666667,0.0147754237364088,6.79135326765271,"Data Oasis","Data Desert","Data Swamp"
"ARE",2019,"Middle East & North Africa","High income",17,58.5541666666667,9211657,71782.1538362575,37.3333333333333,52.1083333333333,65,36.8666666666667,54.2416666666667,65,71505.0262950813,9140040.66666667,2.66666666666667,1.85994796084423,0,-1.21001240980484,3.66666666666667,-0.238643221076332,-14.231624158342,"Data Swamp","Data Swamp","Data Desert"
"ARG",2019,"Latin America & Caribbean","Upper middle income",55.3333333333333,48.2638888888889,44938712,22071.7480998394,79.2777777777778,61.5277777777778,35,79.4666666666667,58.925,35,22805.3691700872,44492675,11.6666666666667,1.2436504061249,0,-0.517541038773721,12.6666666666667,-0.270913098652994,1.53251749253575,"Data Swamp","Data Swamp","Data Desert"
"AZE",2019,"Europe & Central Asia","Upper middle income",8.33333333333333,66.0125,10024283,14442.0408668016,53.4666666666667,55.3583333333333,76.6666666666667,64.6333333333333,55.0916666666667,80,14257.6803236409,9939362.33333333,3.33333333333333,0.83841730021111,0,-0.947486405423176,4.33333333333333,-0.723906260657567,4.3361706168092,"Data Swamp","Data Swamp","Data Swamp"
"BLR",2019,"Europe & Central Asia","Upper middle income",5.33333333333333,65.9166666666667,9419758,19288.0406878264,68.3333333333333,51.8333333333333,80,79.2333333333333,53.5583333333333,85,18872.9506541098,9439177.33333333,2.66666666666667,0.565020991236101,0,-1.53474399862224,3.66666666666667,-1.08887278973642,-1.15217599234384,"Data Swamp","Data Swamp","Data Desert"
"BOL",2019,"Latin America & Caribbean","Lower middle income",11,34.7833333333333,11777315,8528.74880360829,67.9666666666667,52.9,16.6666666666667,68.5333333333333,54.3666666666667,20,8413.32514962673,11606584.3333333,4.66666666666667,0.947737911868588,0,-0.44955170195264,5.66666666666667,-0.581470915474021,5.87206183516476,"Data Swamp","Data Swamp","Data Swamp"
"BRA",2019,"Latin America & Caribbean","Upper middle income",365,63.2541666666667,211782878,14685.1278924674,82.0222222222222,61.5083333333333,65,83.3,62.375,75,14594.1935967849,210151476.666667,42.3333333333333,1.73684242332947,0,0.455313698236496,43.3333333333333,0.253588798679078,0.915078718435971,"Data Swamp","Data Lake","Data Oasis"
"EGY",2019,"Middle East & North Africa","Lower middle income",75.6666666666667,59.0694444444444,105618671,11780.9620965028,76.9888888888889,58.1388888888889,60,76.8,60.9166666666667,60,11379.7619286665,103716274,12,0.729554425245422,0,-0.411139960302947,13,-0.0827973757987381,5.77656861577924,"Data Swamp","Data Swamp","Data Swamp"
"GTM",2019,"Latin America & Caribbean","Upper middle income",11,42.3722222222222,16604026,8673.00201631063,61.6222222222222,56.4111111111111,28.3333333333333,62.1,54.1333333333333,35,8488.1113714203,16346131.3333333,5,0.672942103283399,0,-0.720299962740533,6,-0.738391410391821,9.32074569119857,"Data Swamp","Data Swamp","Data Swamp"
"IND",2019,"South Asia","Lower middle income",500.333333333333,59.65,1383112050,6617.12986868393,87.4111111111111,67.6333333333333,51.6666666666667,87.9666666666667,68.875,55,6388.44997362971,1368770345.33333,108.666666666667,0.365534901482314,1,-0.835234913264476,109.666666666667,-0.959748682858475,13.4403951791634,"Data Swamp","Data Swamp","Data Swamp"
"KAZ",2019,"Europe & Central Asia","Upper middle income",15,66.2916666666667,18513673,26351.8044418782,70.6333333333333,62.5833333333333,70,82.1333333333333,62.35,70,25586.3717742569,18275967,4.66666666666667,0.820750004637238,0,-1.20843224088569,5.66666666666667,-0.683302230312874,4.86957544980926,"Data Swamp","Data Swamp","Data Swamp"
"KGZ",2019,"Europe & Central Asia","Lower middle income",4,65.9333333333333,6456200,5258.36669631142,81.3777777777778,51.8666666666667,80,81.4666666666667,53.0583333333333,85,5146.07004874409,6325733.33333333,2.66666666666667,0.632337752671627,0,-0.67419478632525,3.66666666666667,-0.936895590523605,11.491920938576,"Data Swamp","Data Swamp","Data Swamp"
"MDA",2019,"Europe & Central Asia","Upper middle income",4.33333333333333,68.1625,2664224,12776.9218268725,82.8444444444444,57.9916666666667,78.3333333333333,94.2333333333333,58.8166666666667,90,12127.8900341575,2708872,2.66666666666667,1.59968183558815,0,-0.49082595128855,3.66666666666667,-0.790832807025318,8.22214713171211,"Data Swamp","Data Swamp","Data Swamp"
"MEX",2019,"Latin America & Caribbean","Upper middle income",137.333333333333,78.0611111111111,125085311,20064.5004997154,93.5777777777778,81.1222222222222,75,92.9333333333333,80.2833333333333,75,20125.0418064575,123979476.666667,26,1.10771021967265,0,-0.321042857451402,27,-0.258118512510962,19.3293097876273,"Data Swamp","Data Swamp","Data Swamp"
"PHL",2019,"East Asia & Pacific","Lower middle income",57.3333333333333,56.7541666666667,110380804,8731.86086888555,88.8666666666667,80.175,33.3333333333333,88.2666666666667,80.175,35,8366.44993316737,108562713.666667,13,0.52811256643207,1,-1.21403639222481,14,-0.752753229779823,31.8185588005189,"Data Swamp","Data Swamp","Data Swamp"
"RUS",2019,"Europe & Central Asia","High income",102.666666666667,72.5777777777778,144406261,27254.57421875,82.7888888888889,61.8222222222222,83.3333333333333,83.6666666666667,65.3666666666667,90,26612.4759114583,144460286.333333,50.3333333333333,0.710691285975784,0,-0.910583904330459,51.3333333333333,-1.17271445541428,-6.04654622495049,"Data Swamp","Data Swamp","Data Desert"
"VNM",2019,"East Asia & Pacific","Lower middle income",102.666666666667,53.7944444444444,95776716,10252.0046223512,63.9111111111111,72.5888888888889,35,64,75.725,35,9646.2352169253,94908031.3333333,10.3333333333333,1.08174898609037,0,0.0693360290202598,11.3333333333333,0.39880926848971,22.5260143964325,"Data Swamp","Data Lake","Data Lake"
"CAF",2019,"Sub-Saharan Africa","Low income",5.33333333333333,16.6666666666667,5209324,861.766788755873,NA,NA,16.6666666666667,NA,NA,20,852.004763170986,5100281.66666667,1.33333333333333,1.04569388161242,0,0.940483429836197,2.33333333333333,0.208024290794479,NA,NA,NA,NA
"CUB",2019,"Latin America & Caribbean","Upper middle income",12.6666666666667,NA,11316697,NA,NA,NA,NA,NA,NA,NA,NA,11327115.3333333,5,1.1182605892068,0,NA,6,NA,NA,NA,NA,NA
"ERI",2019,"Sub-Saharan Africa","Low income",4,10,3498818,NA,NA,NA,10,NA,NA,10,NA,3447041.66666667,0.666666666666667,1.16041533198757,1,NA,1.66666666666667,NA,NA,NA,NA,NA
"GNQ",2019,"Sub-Saharan Africa","Upper middle income",1.66666666666667,23.3333333333333,1553031,16240.3698101562,NA,NA,23.3333333333333,NA,NA,25,17874.3947151342,1501938.66666667,0,1.10967691534674,0,-1.24008866479812,1,-0.623734549226512,NA,NA,NA,NA
"HKG",2019,"East Asia & Pacific","High income",79,NA,7507900,59592.0344814547,NA,NA,NA,NA,NA,NA,60163.1923907188,7451233.33333333,10,10.6022716597252,1,-0.0927870656741545,11,0.143158691986325,NA,NA,NA,NA
"PRI",2019,"Latin America & Caribbean","High income",19.6666666666667,NA,3193694,34792.6467473505,NA,NA,NA,NA,NA,NA,34459.8284996188,3237444.66666667,1.33333333333333,6.07474990048736,1,-0.47854295583172,2.33333333333333,0.378477107389875,NA,NA,NA,NA
"PRK",2019,"East Asia & Pacific","Low income",3.66666666666667,NA,25755441,NA,NA,NA,NA,NA,NA,NA,NA,25636637,4,0.143024479640862,0,NA,5,NA,NA,NA,NA,NA
"XKX",2019,"Europe & Central Asia","Upper middle income",10.6666666666667,56.6666666666667,1788878,11318.462250308,54.4555555555555,NA,56.6666666666667,66,NA,60,10836.5995451956,1792322,5.66666666666667,5.95131157608212,NA,NA,6.66666666666667,NA,NA,NA,NA,NA
