url, country,official_language,english_speaking, language, description,,,,,,,,,,,,,,,,,,,,,,,,,,,,,,,,,,,,,,,
/the-world-factbook/countries/afghanistan/,Afghanistan,0,0," ""Afghan Persian or Dari (official", lingua franca) 77%, Pashto (official) 48%, Uzbeki 11%, English 6%, Turkmani 3%, Urdu 3%, Pashaie 1%, Nuristani 1%, Arabic 1%, Balochi 1%," other &lt;1% (2020 est.)"""," ""کتاب حقایق جهان، مرجعی ضروری برای اطلاعات اولیە&nbsp;(Dari)</p> د دنیا د حقائېقو کتاب، بنیادی معلوماتو لپاره ضروری سرچینه- (Pashto)<br><br>The World Factbook",,,,,,,,,,,,,,,,,,,,,,,,,,,,
/the-world-factbook/countries/albania/,Albania,0,0," ""Albanian 98.8% (official - derived from Tosk dialect)", Greek 0.5%, other 0.6% (including Macedonian, Romani, Vlach, Turkish, Italian, and Serbo-Croatian)," unspecified 0.1% (2011 est.)"""," "" <br>Libri i fakteve boterore", burimi i pazevendesueshem per informacione elementare (Albanian)<br><br>The World Factbook," the indispensable source for basic information.""",,,,,,,,,,,,,,,,,,,,,,,,,,,,,
/the-world-factbook/countries/algeria/,Algeria,0,0," ""Arabic (official)", French (lingua franca), Tamazight (official) (dialects include Kabyle (Taqbaylit), Shawiya (Tacawit), Mzab," Tuareg (Tamahaq))"""," "" <br>كتاب حقائق العالم، المصدر الذي لا يمكن الاستغناء عنه للمعلومات الأساسية (Arabic)<br><br>The World Factbook"," the indispensable source for basic information.""",,,,,,,,,,,,,,,,,,,,,,,,,,,,,,,,,
/the-world-factbook/countries/american-samoa/,American Samoa,0,0," ""Samoan 87.9% (closely related to Hawaiian and other Polynesian languages)", English 3.3%, Tongan 2.1%, other Pacific Islander 4.1%, Asian languages 2.1%," other 0.5% (2020 est.)"""," "" most people are bilingual""",,,,,,,,,,,,,,,,,,,,,,,,,,,,,,,,,,
/the-world-factbook/countries/andorra/,Andorra,0,0," ""Catalan (official) 44.1%", Castilian 40.3%, Portuguese 13.5%, French 10%, English 3%," other 6.8% (2022 est.)"""," "" data represent mother tongue""",,,,,,,,,,,,,,,,,,,,,,,,,,,,,,,,,,
/the-world-factbook/countries/angola/,Angola,0,0," ""Portuguese 71.2% (official)", Umbundu 23%, Kikongo 8.2%, Kimbundu 7.8%, Chokwe 6.5%, Nhaneca 3.4%, Nganguela 3.1%, Fiote 2.4%, Kwanhama 2.3%, Muhumbi 2.1%, Luvale 1%," other 3.6%&nbsp; (2014 est.)<br><br><strong>note</strong>: shares sum to more than 100% because some respondents gave more than one answer on the census""",,,,,,,,,,,,,,,,,,,,,,,,,,,,,
/the-world-factbook/countries/anguilla/,Anguilla,1,1," ""English (official)""",,,,,,,,,,,,,,,,,,,,,,,,,,,,,,,,,,,,,,,,
/the-world-factbook/countries/antigua-and-barbuda/,Antigua and Barbuda,1,1," ""English (official)"," Antiguan Creole (an English-based creole)""",,,,,,,,,,,,,,,,,,,,,,,,,,,,,,,,,,,,,,,
/the-world-factbook/countries/argentina/,Argentina,0,0," ""Spanish (official)", Italian, English, German, French, indigenous (Quechua, Guarani," Mapudungun)"""," "" <br>La Libreta Informativa del Mundo", la fuente indispensable de información básica. (Spanish)<br><br>The World Factbook," the indispensable source for basic information.""",,,,,,,,,,,,,,,,,,,,,,,,,,,,,,
/the-world-factbook/countries/armenia/,Armenia,0,0," ""Armenian (official) 97.9%", Kurmanji (spoken by Yezidi minority) 1%," other 1.1%; note - Russian is widely spoken (2011 est.)"""," "" <br>Աշխարհի Փաստագիրք", Անփոխարինելի Աղբյւր Հիմնական Տեղեկատվւթյան. (Armenian)<br><br>The World Factbook," the indispensable source for basic information.""",,,,,,,,,,,,,,,,,,,,,,,,,,,,,,,,,,,
/the-world-factbook/countries/aruba/,Aruba,0,0," ""Papiamento (official) (a creole language that mixes Portuguese", Spanish, Dutch, English, French, African languages, and Arawak) 69.4%, Spanish 13.7%, English (widely spoken) 7.1%, Dutch (official) 6.1%, Chinese 1.5%, other 1.7%," unspecified 0.4% (2010 est.)""",,,,,,,,,,,,,,,,,,,,,,,,,,,,
/the-world-factbook/countries/australia/,Australia,1,1," ""English 72%", Mandarin 2.7%, Arabic 1.4%, Vietnamese 1.3%, Cantonese 1.2%, other 15.7%," unspecified 5.7% (2021 est.)"""," "" data represent language spoken at home""",,,,,,,,,,,,,,,,,,,,,,,,,,,,,,,,,
/the-world-factbook/countries/austria/,Austria,0,0," ""German (official nationwide) 88.6%", Turkish 2.3%, Serbian 2.2%, Croatian (official in Burgenland) 1.6%, other (includes Slovene, official in southern Carinthia, and Hungarian," official in Burgenland) 5.3% (2001 est.)"""," "" <br>Das World Factbook", die unverzichtbare Quelle für grundlegende Informationen. (German)<br><br>The World Factbook," the indispensable source for basic information.""",,,,,,,,,,,,,,,,,,,,,,,,,,,,,,
/the-world-factbook/countries/azerbaijan/,Azerbaijan,0,0," ""Azerbaijani (Azeri) (official) 92.5%", Russian 1.4%, Armenian 1.4%," other 4.7% (2009 est.)"""," "" <br>Dünya fakt kitabı", əsas məlumatlar üçün əvəz olunmaz mənbədir (Azerbaijani)<br><br>The World Factbook," the indispensable source for basic information.""", ,,,,,,,,,,,,,,,,,,,,,,,,,,,,,,,,,
/the-world-factbook/countries/bahamas-the/,Bahamas,1,1," ""English (official)"," Creole (among Haitian immigrants)""",,,,,,,,,,,,,,,,,,,,,,,,,,,,,,,,,,,,,,,
/the-world-factbook/countries/bahrain/,Bahrain,0,0," ""Arabic (official)", English, Farsi," Urdu"""," "" <br>كتاب حقائق العالم، المصدر الذي لا يمكن الاستغناء عنه للمعلومات الأساسية (Arabic)<br><br>The World Factbook"," the indispensable source for basic information.""",,,,,,,,,,,,,,,,,,,,,,,,,,,,,,,,,,,
/the-world-factbook/countries/bangladesh/,Bangladesh,0,0," ""Bangla 98.8% (official", also known as Bengali)," other 1.2% (2011 est.)"""," "" <p><br>বিশ্ব ফ্যাক্টবুক", মৌলিক তথ্যের অপরিহার্য উৎস (Bangla)</p> <br>The World Factbook," the indispensable source for basic information.""",,,,,,,,,,,,,,,,,,,,,,,,,,,,,,,,,,,
/the-world-factbook/countries/barbados/,Barbados,1,1," ""English (official)", Bajan (English-based creole language," widely spoken in informal settings)""",,,,,,,,,,,,,,,,,,,,,,,,,,,,,,,,,,,,,,
/the-world-factbook/countries/belarus/,Belarus,0,0," ""Russian (official) 71.4%", Belarusian (official) 26%, other 0.3% (includes small Polish- and Ukrainian-speaking minorities)," unspecified 2.3% (2019 est.)"""," "" <br>Книга фактов о мире – незаменимый источник базовой информации. (Russian)<br><br>The World Factbook"," the indispensable source for basic information.""",,,,,,,,,,,,,,,,,,,,,,,,,,,,,,,,,,,
/the-world-factbook/countries/belgium/,Belgium,0,0," ""Dutch (official) 60%", French (official) 40%," German (official) less than 1%"""," "" <br>Het Wereld Feitenboek", een onmisbare bron van informatie. (Dutch)<br><br>The World Factbook, une source indispensable d'informations de base. (French)<br><br>The World Factbook," the indispensable source for basic information.""",,,,,,,,,,,,,,,,,,,,,,,,,,,,,,,,,,
/the-world-factbook/countries/belize/,Belize,1,1," ""English 62.9% (official)", Spanish 56.6%, Creole 44.6%, Maya 10.5%, German 3.2%, Garifuna 2.9%, other 1.8%," unknown 0.5% (2010 est.)"""," "" <br>The World Factbook", the indispensable source for basic information. (English)<br><br>La Libreta Informativa del Mundo," la fuente indispensable de información básica. (Spanish)""", ,,,,,,,,,,,,,,,,,,,,,,,,,,,,,
/the-world-factbook/countries/benin/,Benin,0,0," ""55 languages; French (official); Fon (a Gbe language)", Yom (a Gur language) and Yoruba are the most important indigenous languages in the south; half a dozen regionally important languages in the north," including Bariba and Fulfulde""",,,,,,,,,,,,,,,,,,,,,,,,,,,,,,,,,,,,,,
/the-world-factbook/countries/bermuda/,Bermuda,1,1," ""English (official)"," Portuguese""",,,,,,,,,,,,,,,,,,,,,,,,,,,,,,,,,,,,,,,
/the-world-factbook/countries/bhutan/,Bhutan,0,0," ""Sharchopkha 28%", Dzongkha (official) 24%, Lhotshamkha 22%," other 26% (includes foreign languages) (2005 est.)""",,,,,,,,,,,,,,,,,,,,,,,,,,,,,,,,,,,,,
/the-world-factbook/countries/bolivia/,Bolivia,0,0," ""Spanish (official) 68.1%", Quechua (official) 17.2%, Aymara (official) 10.5%, Guarani (official) 0.6%, other 1.5%," unspecified 2.1%; note - Spanish and all Indigenous languages are official (2012 est.)"""," "" <br>La Libreta Informativa del Mundo", la fuente indispensable de información básica. (Spanish)<br><br>The World Factbook," the indispensable source for basic information.""",,,,,,,,,,,,,,,,,,,,,,,,,,,,,,,,
/the-world-factbook/countries/bosnia-and-herzegovina/,Bosnia and Herzegovina,0,0," ""Bosnian (official) 52.9%", Serbian (official) 30.8%, Croatian (official) 14.6%, other 1.6%," no answer 0.2% (2013 est.)"""," "" <br>Knjiga svjetskih činjenica", neophodan izvor osnovnih informacija. (Bosnian)<br><br>Knjiga svetskih činjenica, neophodan izvor osnovnih informacija. (Serbian)<br><br>Knjiga svjetskih činjenica, nužan izvor osnovnih informacija. (Croatian)<br><br>The World Factbook," the indispensable source for basic information.""",,,,,,,,,,,,,,,,,,,,,,,,,,,,,,,
/the-world-factbook/countries/botswana/,Botswana,1,0," ""Setswana 77.3%", Sekalanga 7.4%, Shekgalagadi 3.4%, English (official) 2.8%, Zezuru/Shona 2%, Sesarwa 1.7%, Sembukushu 1.6%, Ndebele 1%," other 2.8% (2011 est.)""",,,,,,,,,,,,,,,,,,,,,,,,,,,,,,,,
/the-world-factbook/countries/brazil/,Brazil,0,0," ""Portuguese (official and most widely spoken language); less common languages include Spanish (border areas and schools)", German, Italian, Japanese, English," and many minor Amerindian languages"""," "" <br>O Livro de Fatos Mundiais", a fonte indispensável para informação básica. (Brazilian Portuguese)<br><br>The World Factbook," the indispensable source for basic information.""",,,,,,,,,,,,,,,,,,,,,,,,,,,,,,,,
/the-world-factbook/countries/british-virgin-islands/,British Virgin Islands,1,1," ""English (official)"," Virgin Islands Creole""",,,,,,,,,,,,,,,,,,,,,,,,,,,,,,,,,,,,,,,
/the-world-factbook/countries/brunei/,Brunei,0,1," ""Malay (Bahasa Melayu) (official)", English," Chinese dialects"""," "" <br>Buku Fakta Dunia", sumber yang diperlukan untuk maklumat asas. (Malay)<br><br>The World Factbook," the indispensable source for basic information.""",,,,,,,,,,,,,,,,,,,,,,,,,,,,,,,,,,,
/the-world-factbook/countries/bulgaria/,Bulgaria,0,0," ""Bulgarian (official) 77.3%", Turkish 7.9%, Romani 3.5%, other 1%," unspecified 10.4% (2021 est.)"""," "" <br>Светoвен Алманах", незаменимият източник за основна информация. (Bulgarian)<br><br>The World Factbook," the indispensable source for basic information.""",,,,,,,,,,,,,,,,,,,,,,,,,,,,,,,,,
/the-world-factbook/countries/burkina-faso/,Burkina Faso,0,0," ""Mossi 52.9%", Fula 7.8%, Gourmantche 6.8%, Dyula 5.7%, Bissa 3.3%, Gurunsi 3.2%, French (official) 2.2%, Bwamu 2%, Dagara 2%, San 1.7%, Marka 1.6%, Bobo 1.5%, Senufo 1.5%, Lobi 1.2%," other 6.6% (2019 est.)""",,,,,,,,,,,,,,,,,,,,,,,,,,
/the-world-factbook/countries/burma/,Burma,0,0," ""Burmese (official)"""," "" <br>ကမ္ဘာ့အချက်အလက်စာအုပ်- အခြေခံအချက်အလက်တွေအတွက် မရှိမဖြစ်တဲ့ အရင်းအမြစ် (Burmese)<br><br>The World Factbook"," the indispensable source for basic information.""", ,,,,,,,,,,,,,,,,,,,,,,,,,,,,,,,,,,,,,
/the-world-factbook/countries/burundi/,Burundi,0,0," ""Kirundi (official)", French (official), English (official, least spoken)," Swahili (2008 est.)"""," "" <br>Igitabo Mpuzamakungu c'ibimenyetso bifatika", isoko ntabanduka ku nkuru z'urufatiro. (Kirundi)<br><br>The World Factbook," the indispensable source for basic information.""", ,,,,,,,,,,,,,,,,,,,,,,,,,,,,,,,,
/the-world-factbook/countries/cabo-verde/,Cabo Verde,0,0," ""Portuguese (official)"," Crioulo (a Portuguese-based creole language with two main dialects)""",,,,,,,,,,,,,,,,,,,,,,,,,,,,,,,,,,,,,,,
/the-world-factbook/countries/cambodia/,Cambodia,0,0," ""Khmer (official) 95.8%", minority languages 2.9%, Chinese 0.6%, Vietnamese 0.5%," other 0.2% (2019 est.)"""," "" <br>សៀវភៅហេតុការណនៅលើពិភពលោក។ ទីតាំងពត៏មានមូលដានគ្រឹះយាងសំខាន់។. (Khmer)<br><br>The World Factbook"," the indispensable source for basic information.""",,,,,,,,,,,,,,,,,,,,,,,,,,,,,,,,,,
/the-world-factbook/countries/cameroon/,Cameroon,1,1," ""24 major African language groups", English (official)," French (official)"""," "" <br>The World Factbook", the indispensable source for basic information. (English)<br><br>The World Factbook," une source indispensable d'informations de base. (French)""",,,,,,,,,,,,,,,,,,,,,,,,,,,,,,,,,,,
/the-world-factbook/countries/canada/,Canada,1,1," ""English (official) 87.1%", French (official) 29.1%, Chinese languages 4.2%, Spanish 3.2%, Punjabi 2.6%, Arabic 2.4%, Tagalog 2.3%," Italian 1.5% (2022 est.)"""," "" <br>The World Factbook", the indispensable source for basic information. (English)<br><br>The World Factbook," une source indispensable d'informations de base. (French)""",,,,,,,,,,,,,,,,,,,,,,,,,,,,,,
/the-world-factbook/countries/cayman-islands/,Cayman Islands,1,1," ""English (official) 88.8%", Spanish 3.9%, Filipino 3.8%, other 2.8%," unspecified 0.7% (2021 est.)"""," ""&nbsp; data represent main language spoken at home""",,,,,,,,,,,,,,,,,,,,,,,,,,,,,,,,,,,
/the-world-factbook/countries/central-african-republic/,Central African Republic,0,0," ""French (official)", Sangho (lingua franca and national language)," tribal languages""",,,,,,,,,,,,,,,,,,,,,,,,,,,,,,,,,,,,,,
/the-world-factbook/countries/chad/,Chad,0,0," ""French (official)", Arabic (official), Sara (in south)," more than 120 languages and dialects"""," "" <br>The World Factbook", une source indispensable d'informations de base. (French)<br><br>كتاب حقائق العالم، المصدر الذي لا يمكن الاستغناء عنه للمعلومات الأساسية (Arabic)<br><br>The World Factbook," the indispensable source for basic information.""",,,,,,,,,,,,,,,,,,,,,,,,,,,,,,,,,,
/the-world-factbook/countries/chile/,Chile,0,0," ""Spanish 99.5% (official)", English 10.2%, Indigenous 1% (includes Mapudungun, Aymara, Quechua, Rapa Nui), other 2.3%," unspecified 0.2%&nbsp; (2012 est.)"""," "" <br>La Libreta Informativa del Mundo", la fuente indispensable de información básica. (Spanish)<br><br>The World Factbook," the indispensable source for basic information.""", ,,,,,,,,,,,,,,,,,,,,,,,,,,,,,
/the-world-factbook/countries/china/,China,0,0," ""Standard Chinese or Mandarin (official; Putonghua", based on the Beijing dialect), Yue (Cantonese), Wu (Shanghainese), Minbei (Fuzhou), Minnan (Hokkien-Taiwanese), Xiang, Gan, Hakka dialects, minority languages; note - Zhuang is official in Guangxi Zhuang, Yue is official in Guangdong, Mongolian is official in Nei Mongol, Uyghur is official in Xinjiang Uygur, Kyrgyz is official in Xinjiang Uyghur," and Tibetan is official in Xizang (Tibet)"""," "" <br>世界概況 &nbsp;– &nbsp;不可缺少的基本消息來源 (Standard Chinese)<br><br>The World Factbook"," the indispensable source for basic information.""",,,,,,,,,,,,,,,,,,,,,,,,
/the-world-factbook/countries/christmas-island/,Christmas Island,1,1," ""English (official) 27.6%", Mandarin 17.2%, Malay 17.1%, Cantonese 3.9%, Min Nan 1.6%, Tagalog 1%, other 4.5%," unspecified 27.1% (2016 est.)"""," "" data represent language spoken at home""",,,,,,,,,,,,,,,,,,,,,,,,,,,,,,,,
/the-world-factbook/countries/cocos-keeling-islands/,Cocos (Keeling) Islands,0,0," ""Malay (Cocos dialect) 68.8%", English 22.3%," unspecified 8.9%; note - data represent language spoken at home (2016 est.)"""," "" <br>Buku Fakta Dunia", sumber yang diperlukan untuk maklumat asas. (Malay)<br><br>The World Factbook," the indispensable source for basic information.""",,,,,,,,,,,,,,,,,,,,,,,,,,,,,,,,,,,
/the-world-factbook/countries/colombia/,Colombia,0,0," ""Spanish (official) 98.9%", indigenous 1%," Portuguese 0.1%; 65 indigenous languages exist (2023 est.)"""," "" <br>La Libreta Informativa del Mundo", la fuente indispensable de información básica. (Spanish)<br><br>The World Factbook," the indispensable source for basic information.""",,,,,,,,,,,,,,,,,,,,,,,,,,,,,,,,,,,
/the-world-factbook/countries/comoros/,Comoros,0,0," ""Arabic (official)", French (official), Shikomoro (official; similar to Swahili)," Comorian""",,,,,,,,,,,,,,,,,,,,,,,,,,,,,,,,,,,,,
/the-world-factbook/countries/congo-democratic-republic-of-the/,"Congo Democratic Republic of the",0,0, ," ""French (official)", Lingala (a trade language), Kingwana (a dialect of Kiswahili or Swahili), Kikongo," Tshiluba""", ,,,,,,,,,,,,,,,,,,,,,,,,,,,,,,,,,,
/the-world-factbook/countries/congo-republic-of-the/,"Congo, Republic of the",0,0, "French (official)", French Lingala and Monokutuba (trade languages)," many local languages and dialects (of which Kikongo is the most widespread)""", ,,,,,,,,,,,,,,,,,,,,,,,,,,,,,,,,,,,,
/the-world-factbook/countries/cook-islands/,Cook Islands,1,1," ""English (official) 86.4%", Cook Islands Maori (Rarotongan) (official) 76.2%," other 8.3% (2011 est.)"""," "" shares sum to more than 100% because some respondents gave more than one answer on the census""",,,,,,,,,,,,,,,,,,,,,,,,,,,,,,,,,,,,,
/the-world-factbook/countries/costa-rica/,Costa Rica,0,0," ""Spanish (official)"," English"""," "" <br>La Libreta Informativa del Mundo", la fuente indispensable de información básica. (Spanish)<br><br>The World Factbook," the indispensable source for basic information.""",,,,,,,,,,,,,,,,,,,,,,,,,,,,,,,,,,,,
/the-world-factbook/countries/cote-divoire/,Cote d'Ivoire,0,0," ""French (official)"," 60 native dialects of which Dioula is the most widely spoken"""," "" <br>The World Factbook", une source indispensable d'informations de base. (French)<br><br>The World Factbook," the indispensable source for basic information.""",,,,,,,,,,,,,,,,,,,,,,,,,,,,,,,,,,,,
/the-world-factbook/countries/croatia/,Croatia,0,0," ""Croatian (official) 95.2%", Serbian 1.2%, other 3.1% (including Bosnian, Romani, Albanian," and Italian) unspecified 0.5% (2021 est.)"""," "" <br>Knjiga svjetskih činjenica", nužan izvor osnovnih informacija. (Croatian)<br><br>The World Factbook," the indispensable source for basic information.""",,,,,,,,,,,,,,,,,,,,,,,,,,,,,,,,
/the-world-factbook/countries/cuba/,Cuba,0,0," ""Spanish (official)"""," "" <br>La Libreta Informativa del Mundo", la fuente indispensable de información básica. (Spanish)<br><br>The World Factbook," the indispensable source for basic information.""",,,,,,,,,,,,,,,,,,,,,,,,,,,,,,,,,,,,,
/the-world-factbook/countries/curacao/,Curacao,0,0," ""Papiamento (official) (a creole language that is a mixture of Portuguese", Spanish, Dutch, English, and, to a lesser extent, French, as well as elements of African languages and the language of the Arawak) 80%, Dutch (official) 8.8%, Spanish 5.6%, English (official) 3.1%, other 2.3%," unspecified 0.3% (2011 est.)"""," "" data represent most spoken language in household""",,,,,,,,,,,,,,,,,,,,,,,,,,,
/the-world-factbook/countries/cyprus/,Cyprus,0,0," ""Greek (official) 80.9%", Turkish (official) 0.2%, English 4.1%, Romanian 2.9%, Russian 2.5%, Bulgarian 2.2%, Arabic 1.2%, Filipino 1.1%, other 4.3%," unspecified 0.6%&nbsp; (2011 est.)"""," "" <br>Το Παγκόσμιο Βιβλίο Δεδομένων", η απαραίτητη πηγή βασικών πληροφοριών. (Greek)<br><br>The World Factbook," the indispensable source for basic information.""", ,,,,,,,,,,,,,,,,,,,,,,,,,,,
/the-world-factbook/countries/czechia/,Czechia,0,0," ""Czech (official) 88.4%", Slovak 1.5%, other 2.6%," unspecified 7.2% (2021 est.)"""," "" <br>World Factbook", nepostradatelný zdroj základních informací. (Czech)<br><br>The World Factbook," the indispensable source for basic information."""," "" includes only persons with one mother tongue""",,,,,,,,,,,,,,,,,,,,,,,,,,,,,,,,,
/the-world-factbook/countries/denmark/,Denmark,0,1," ""Danish", Faroese, Greenlandic (an Inuit dialect)," German (small minority); note - English is the predominant second language"""," "" <br>Verdens Faktabog", den uundværlig kilde til grundlæggende oplysninger. (Danish)<br><br>The World Factbook," the indispensable source for basic information.""",,,,,,,,,,,,,,,,,,,,,,,,,,,,,,,,,,
/the-world-factbook/countries/djibouti/,Djibouti,0,0," ""French (official)", Arabic (official), Somali," Afar""",,,,,,,,,,,,,,,,,,,,,,,,,,,,,,,,,,,,,
/the-world-factbook/countries/dominica/,Dominica,1,1," ""English (official)"," French patois""",,,,,,,,,,,,,,,,,,,,,,,,,,,,,,,,,,,,,,,
/the-world-factbook/countries/dominican-republic/,Dominican Republic,0,0," ""Spanish (official)"""," "" <br>La Libreta Informativa del Mundo", la fuente indispensable de información básica. (Spanish)<br><br>The World Factbook," the indispensable source for basic information.""",,,,,,,,,,,,,,,,,,,,,,,,,,,,,,,,,,,,,
/the-world-factbook/countries/ecuador/,Ecuador,0,0," ""Spanish (Castilian; official) 98.6%", indigenous 3.9% (Quechua 3.2%, other indigenous 0.7%), foreign 2.8%," other 0.6% (includes Ecuadorian sign language) (2022 est.)"""," "" <br>La Libreta Informativa del Mundo", la fuente indispensable de información básica. (Spanish)<br><br>The World Factbook," the indispensable source for basic information.<br><br><strong>note 1:</strong> shares sum to more than 100% because some respondents gave more than one answer on the census<br><br><strong>note 2:</strong> Quechua and Shuar are official languages of intercultural relations; other indigenous languages are in official use by indigenous peoples in the areas they inhabit""",,,,,,,,,,,,,,,,,,,,,,,,,,,,,,,,,
/the-world-factbook/countries/egypt/,Egypt,0,0," ""Arabic (official); English and French widely understood by educated classes"""," "" <br>كتاب حقائق العالم، أفضل مصدر للمعلومات الأساسية (Arabic)<br><br>The World Factbook"," the indispensable source for basic information.""",,,,,,,,,,,,,,,,,,,,,,,,,,,,,,,,,,,,,,
/the-world-factbook/countries/el-salvador/,El Salvador,0,0," ""Spanish (official)"," Nawat (among some indigenous)"""," "" <br>La Libreta Informativa del Mundo", la fuente indispensable de información básica. (Spanish)<br><br>The World Factbook," the indispensable source for basic information.""",,,,,,,,,,,,,,,,,,,,,,,,,,,,,,,,,,,,
/the-world-factbook/countries/equatorial-guinea/,Equatorial Guinea,0,0," ""Spanish (official) 67.6%", other (includes Fang, Bubi, Portuguese (official), French (official)," Fa d'Ambo spoken in Annobon) 32.4% (1994 est.)"""," "" <br>La Libreta Informativa del Mundo", la fuente indispensable de información básica. (Spanish)<br><br>The World Factbook," the indispensable source for basic information.""",,,,,,,,,,,,,,,,,,,,,,,,,,,,,,,,
/the-world-factbook/countries/eritrea/,Eritrea,1,0," ""Tigrinya (official)", Arabic (official), English (official), Tigre, Kunama, Afar," other Cushitic languages""",,,,,,,,,,,,,,,,,,,,,,,,,,,,,,,,,,
/the-world-factbook/countries/estonia/,Estonia,0,0," ""Estonian (official) 67.2%", Russian 28.5%, other 3.7%," unspecified 0.6% (2021est.)""",,,,,,,,,,,,,,,,,,,,,,,,,,,,,,,,,,,,,
/the-world-factbook/countries/eswatini/,Eswatini,1,0," ""English (official", used for government business)," siSwati (official)""",,,,,,,,,,,,,,,,,,,,,,,,,,,,,,,,,,,,,,
/the-world-factbook/countries/ethiopia/,Ethiopia,0,0," ""Oromo (official regional working language) 33.8%", Amharic (official national language) 29.3%, Somali (official regional working language) 6.2%, Tigrigna (Tigrinya) (official regional working language) 5.9%, Sidamo 4%, Wolaytta 2.2%, Gurage 2%, Afar (official regional working language) 1.7%, Hadiyya 1.7%, Gamo 1.5%, Gedeo 1.3%, Opuuo 1.2%, Kafa 1.1%, other 8.1%," English (2007 est.)"""," "" <br>Kitaaba Addunyaa Waan Qabataamaatiif - Kan Madda Odeeffannoo bu’uraawaatiif baay’ee barbaachisaa ta’e. (Oromo)<br><br>የአለም እውነታ መጽሐፍ፣ ለመሠረታዊ መረጃ እጅግ አስፈላጊ የሆነ ምንጭ። (Amharic)<br><br>The World Factbook"," the indispensable source for basic information.""",,,,,,,,,,,,,,,,,,,,,,,,
/the-world-factbook/countries/falkland-islands-islas-malvinas/,Falkland Islands (Islas Malvinas),1,1," ""English 89%", Spanish 7.7%," other 3.3% (2006 est.)""",,,,,,,,,,,,,,,,,,,,,,,,,,,,,,,,,,,,,,
/the-world-factbook/countries/faroe-islands/,Faroe Islands,0,0," ""Faroese 93.8% (derived from Old Norse)", Danish 3.2%," other 3% (2011 est.)"""," ""&nbsp; data represent population by primary language""",,,,,,,,,,,,,,,,,,,,,,,,,,,,,,,,,,,,,
/the-world-factbook/countries/fiji/,Fiji,1,1," ""English (official)", iTaukei (official)," Fiji Hindi (official)""",,,,,,,,,,,,,,,,,,,,,,,,,,,,,,,,,,,,,,
/the-world-factbook/countries/finland/,Finland,0,0," ""Finnish (official) 85.9%", Swedish (official) 5.2%, Russian 1.7%," other 7.2% (2022 est.)"""," "" <br>World Factbook", korvaamaton perustietolähde. (Finnish)<br><br>The World Factbook," the indispensable source for basic information.""",,,,,,,,,,,,,,,,,,,,,,,,,,,,,,,,,,
/the-world-factbook/countries/france/,France,0,0," ""French (official) 100%", declining regional dialects and languages (Provencal, Breton, Alsatian, Corsican, Catalan, Basque, Flemish, Occitan," Picard)"""," "" <br>The World Factbook", une source indispensable d'informations de base. (French)<br><br>The World Factbook," the indispensable source for basic information.""",,,,,,,,,,,,,,,,,,,,,,,,,,,,
/the-world-factbook/countries/french-polynesia/,French Polynesia,0,0," ""French (official) 73.5%", Tahitian 20.1%, Marquesan 2.6%, Austral languages 1.2%, Paumotu 1%," other 1.6% (2017 est.)"""," "" <br>The World Factbook", une source indispensable d'informations de base. (French)<br><br>The World Factbook," the indispensable source for basic information.""",,,,,,,,,,,,,,,,,,,,,,,,,,,,,,,,
/the-world-factbook/countries/gabon/,Gabon,0,0," ""French (official)", Fang, Myene, Nzebi, Bapounou/Eschira," Bandjabi""",,,,,,,,,,,,,,,,,,,,,,,,,,,,,,,,,,,
/the-world-factbook/countries/gambia-the/,"Gambia, The",1,1," ""English (official)", Mandinka, Wolof, Fula," other indigenous vernaculars""",,,,,,,,,,,,,,,,,,,,,,,,,,,,,,,,,,,,
/the-world-factbook/countries/gaza-strip/,Gaza Strip,0,1," ""Arabic", Hebrew (spoken by many Palestinians)," English (widely understood)"""," "" <br>كتاب حقائق العالم، المصدر الذي لا يمكن الاستغناء عنه للمعلومات الأساسية (Arabic)<br><br>The World Factbook"," the indispensable source for basic information.""",,,,,,,,,,,,,,,,,,,,,,,,,,,,,,,,,,,,
/the-world-factbook/countries/georgia/,Georgia,,00," ""Georgian (official) 87.6%", Azeri 6.2%, Armenian 3.9%, Russian 1.2%, other 1% (including Abkhaz," the official language in Abkhazia) (2014 est.)"""," "" <br>მსოფლიო ფაქტების წიგნი", ძირითადი ინფორმაციის აუცილებელი წყარო. (Georgian)<br><br>The World Factbook," the indispensable source for basic information.""",,,,,,,,,,,,,,,,,,,,,,,,,,,,,,,,
/the-world-factbook/countries/germany/,Germany,0,0," ""German (official); note - Danish", Frisian, Sorbian, and Romani are official minority languages; Low German, Danish, North Frisian, Sater Frisian, Lower Sorbian, Upper Sorbian," and Romani are recognized as regional languages"""," "" <br>Das World Factbook", die unverzichtbare Quelle für grundlegende Informationen. (German)<br><br>The World Factbook," the indispensable source for basic information.""",,,,,,,,,,,,,,,,,,,,,,,,,,,,
/the-world-factbook/countries/ghana/,Ghana,1,1," ""Asante 16%", Ewe 14%, Fante 11.6%, Boron (Brong) 4.9%, Dagomba 4.4%, Dangme 4.2%, Dagarte (Dagaba) 3.9%, Kokomba 3.5%, Akyem 3.2%, Ga 3.1%, other 31.2% (2010 est.)," English is the official language"""," "" """,,,,,,,,,,,,,,,,,,,,,,,,,,,,
/the-world-factbook/countries/gibraltar/,Gibraltar,1,1," ""English (used in schools and for official purposes)", Spanish, Italian," Portuguese""",,,,,,,,,,,,,,,,,,,,,,,,,,,,,,,,,,,,,
/the-world-factbook/countries/greece/,Greece,0,0," ""Greek (official) 99%"," other (includes English and French) 1%"""," "" <br>Το Παγκόσμιο Βιβλίο Δεδομένων", η απαραίτητη πηγή βασικών πληροφοριών. (Greek)<br><br>The World Factbook," the indispensable source for basic information.""",,,,,,,,,,,,,,,,,,,,,,,,,,,,,,,,,,,,
/the-world-factbook/countries/greenland/,Greenland,0,0," ""Greenlandic", Danish," English<br><br><strong>note: </strong>West Greenlandic or Kalaallisut is the official language; Tunumiisut (East Greenlandic) and Inuktun (Polar Inuit Greenlandic) are considered dialects of Kalaallisut and spoken by about 10% of Greenlanders""",,,,,,,,,,,,,,,,,,,,,,,,,,,,,,,,,,,,,,
/the-world-factbook/countries/grenada/,Grenada,1,1," ""English (official)"," French patois""",,,,,,,,,,,,,,,,,,,,,,,,,,,,,,,,,,,,,,,
/the-world-factbook/countries/guam/,Guam,1,0," English 43.3%", Filipino 24.9%, Chamorro 16%, other Pacific Island languages 9.4%," Asian languages 6.5% (2020 est.)""",,,,,,,,,,,,,,,,,,,,,,,,,,,,,,,,,,,,
/the-world-factbook/countries/guatemala/,Guatemala,0,0," ""Spanish (official) 69.9%", Maya languages 29.7% (Q'eqchi' 8.3%, K'iche 7.8%, Mam 4.4%, Kaqchikel 3%, Q'anjob'al 1.2%, Poqomchi' 1%, other 4%)," other 0.4% (includes Xinca and Garifuna) (2018 est.)"""," "" <br>La Libreta Informativa del Mundo", la fuente indispensable de información básica. (Spanish)<br><br>The World Factbook," the indispensable source for basic information.""", ,,,,,,,,,,,,,,,,,,,,,,,,,,,,
/the-world-factbook/countries/guernsey/,Guernsey,1,0," ""English", French," Norman-French dialect spoken in country districts""",,,,,,,,,,,,,,,,,,,,,,,,,,,,,,,,,,,,,,
/the-world-factbook/countries/guinea/,Guinea,0,0," ""French (official)", Pular, Maninka, Susu," other native languages"""," "" about 40 languages are spoken; each ethnic group has its own language""",,,,,,,,,,,,,,,,,,,,,,,,,,,,,,,,,,,
/the-world-factbook/countries/guinea-bissau/,Guinea-Bissau,0,0," ""Portuguese-based Creole", Portuguese (official; largely used as a second or third language), Pular (a Fula language)," Mandingo""",,,,,,,,,,,,,,,,,,,,,,,,,,,,,,,,,,,,,
/the-world-factbook/countries/guyana/,Guyana,1,1," ""English (official)", Guyanese Creole, Amerindian languages (including Caribbean and Arawak languages), Indian languages (including Caribbean Hindustani, a dialect of Hindi)," Chinese (2014 est.)""",,,,,,,,,,,,,,,,,,,,,,,,,,,,,,,,,,,
/the-world-factbook/countries/haiti/,Haiti,0,0," ""French (official)"," Creole (official)"""," "" The World Factbook", une source indispensable d'informations de base. (French)<br><br>The World Factbook, sous endispansab pou enfomasyon debaz. (Haitian Creole)<br><br>The World Factbook," the indispensable source for basic information.""",,,,,,,,,,,,,,,,,,,,,,,,,,,,,,,,,,,
/the-world-factbook/countries/holy-see-vatican-city/,Holy See (Vatican City),0,0," ""Italian", Latin, French," various other languages"""," "" <br>L'Almanacco dei fatti del mondo", l'indispensabile fonte per le informazioni di base. (Italian)<br><br>The World Factbook," the indispensable source for basic information.""",,,,,,,,,,,,,,,,,,,,,,,,,,,,,,,,,,
/the-world-factbook/countries/honduras/,Honduras,0,0," ""Spanish (official)"," Amerindian dialects"""," "" <br>La Libreta Informativa del Mundo", la fuente indispensable de información básica. (Spanish)<br><br>The World Factbook," the indispensable source for basic information.""",,,,,,,,,,,,,,,,,,,,,,,,,,,,,,,,,,,,
/the-world-factbook/countries/hong-kong/,Hong Kong,1,0," ""Cantonese (official) 85.4%", English (official) 4.5%, Putonghua (official) 2.2%, other Chinese dialects 2.8%, other 2%," persons under 5 or mute 3.2% (2021 est.)"""," ""世界概况", 必須擁有的基本資料参考书 (Cantonese)</p> <br>The World Factbook," the indispensable source for basic information.""", ,,,,,,,,,,,,,,,,,,,,,,,,,,,,,,,
/the-world-factbook/countries/hungary/,Hungary,0,0," ""Hungarian (official) 98.8%", English 25.3%, German 12.6%, Russian 2.1%, French 1.5%, Romanian 1.4%," other 5.1% (2022 est.)"""," "" <br>A World Factbook nélkülözhetetlen forrása az alapvető információnak.&nbsp; (Hungarian)<br><br>The World Factbook"," the indispensable source for basic information.""", ,,,,,,,,,,,,,,,,,,,,,,,,,,,,,,,
/the-world-factbook/countries/iceland/,Iceland,0,0," ""Icelandic", English, Polish, Nordic languages," German""",,,,,,,,,,,,,,,,,,,,,,,,,,,,,,,,,,,,
/the-world-factbook/countries/india/,India,1,0," ""Hindi 43.6%", Bengali 8%, Marathi 6.9%, Telugu 6.7%, Tamil 5.7%, Gujarati 4.6%, Urdu 4.2%, Kannada 3.6%, Odia 3.1%, Malayalam 2.9%, Punjabi 2.7%, Assamese 1.3%, Maithili 1.1%, other 5.6%;&nbsp; English is the subsidiary official language but is the most important one for national, political," and commercial communication (2011 est.)"""," "" <p>विश्व फ़ैक्टबुक", आधारभूत जानकारी का एक अनिवार्य स्रोत (Hindi)</p> The World Factbook, the indispensable source for basic information.<br><br><strong>note 1: </strong>there are 22 other recognized languages -- Assamese, Bengali, Bodo, Dogri, Gujarati, Hindi, Kannada, Kashmiri, Konkani, Maithili, Malayalam, Manipuri, Marathi, Nepali, Odia, Punjabi, Sanskrit, Santali, Sindhi, Tamil, Telugu," Urdu <br><strong>note 2: </strong>Hindustani is a popular variant of Hindi/Urdu spoken widely throughout northern India but is not an official language""",
/the-world-factbook/countries/indonesia/,Indonesia,0,0," ""Bahasa Indonesia (official", modified form of Malay), English, Dutch," local dialects (of which the most widely spoken is Javanese); note -&nbsp;more than 700 languages are used in Indonesia"""," "" <br>Fakta Dunia", sumber informasi dasar yang sangat diperlukan. (Indonesian)<br><br>The World Factbook," the indispensable source for basic information.""",,,,,,,,,,,,,,,,,,,,,,,,,,,,,,,,,
/the-world-factbook/countries/iran/,Iran,0,0," ""Persian Farsi&nbsp;(official)", Azeri&nbsp;and other&nbsp;Turkic dialects, Kurdish, Gilaki and Mazandarani, Luri, Balochi," Arabic"""," "" <br>چکیده نامه جهان، منبعی ضروری برای کسب اطلاعات کلی جهان (Persian)<br><br>The World Factbook"," the indispensable source for basic information.""",,,,,,,,,,,,,,,,,,,,,,,,,,,,,,,,
/the-world-factbook/countries/iraq/,Iraq,0,0," ""Arabic (official)"," Kurdish (official); Turkmen (a Turkish dialect) and Syriac (Neo-Aramaic) are recognized as official languages where native speakers of these languages are present"""," "" <br>كتاب حقائق العالم، أحسن مصدر للمعلومات الأساسية (Arabic)<br><br>ڕاستییەکانی جیهان، باشترین سەرچاوەیە بۆ زانیارییە بنەڕەتییەکان (Kurdish)<br> <p>The World Factbook"," the indispensable source for basic information.</p>""",,,,,,,,,,,,,,,,,,,,,,,,,,,,,,,,,,,,,
/the-world-factbook/countries/ireland/,Ireland,1,1," ""English (official", the language generally used), Irish (Gaelic or Gaeilge) (official," spoken by approximately 37.7% of the population)""",,,,,,,,,,,,,,,,,,,,,,,,,,,,,,,,,,,,,
/the-world-factbook/countries/isle-of-man/,Isle of Man,1,1," ""English"," Manx Gaelic (about 2% of the population has some knowledge)""",,,,,,,,,,,,,,,,,,,,,,,,,,,,,,,,,,,,,,,
/the-world-factbook/countries/israel/,Israel,0,1," ""Hebrew (official)", Arabic (special status under Israeli law)," English (most commonly used foreign language)"""," "" <br>ספר עובדות העולם", המקור החיוני למידע בסיסי (Hebrew)<br><br>The World Factbook," the indispensable source for basic information.""",,,,,,,,,,,,,,,,,,,,,,,,,,,,,,,,,,,
/the-world-factbook/countries/italy/,Italy,0,0," ""Italian (official)", German (parts of Trentino-Alto Adige region are predominantly German-speaking), French (small French-speaking minority in Valle d'Aosta region), Slovene (Slovene-speaking minority in the Trieste-Gorizia area)," Croatian (in Molise)"""," "" <br>L'Almanacco dei fatti del mondo", l'indispensabile fonte per le informazioni di base. (Italian)<br><br>The World Factbook," the indispensable source for basic information.""",,,,,,,,,,,,,,,,,,,,,,,,,,,,,,,,,
/the-world-factbook/countries/jamaica/,Jamaica,1,0," ""English"," Jamaican patois""",,,,,,,,,,,,,,,,,,,,,,,,,,,,,,,,,,,,,,,
/the-world-factbook/countries/japan/,Japan,0,0," ""Japanese"""," "" <br>必要不可欠な基本情報の源、ワールド・ファクトブック(Japanese)<br><br>The World Factbook"," the indispensable source for basic information.""",,,,,,,,,,,,,,,,,,,,,,,,,,,,,,,,,,,,,,
/the-world-factbook/countries/jersey/,Jersey,1,1," ""<p>English (official) 94.5%", Portuguese 4.6%, other 0.9% (includes French (official) and Jerriais)</p> (2001 est.)<br><br><strong>note:&nbsp;</strong>data represent main spoken language; the traditional language of Jersey is Jerriais or Jersey French (a Norman language), which was spoken by fewer than 3,"000 people as of 2001;&nbsp; two thirds of Jerriais speakers are aged 60 and over""",,,,,,,,,,,,,,,,,,,,,,,,,,,,,,,,,,,,
/the-world-factbook/countries/jordan/,Jordan,0,0," ""Arabic (official)"," English (widely understood among upper and middle classes)"""," "" <br>كتاب حقائق العالم، المصدر الذي لا يمكن الاستغناء عنه للمعلومات الأساسية (Arabic)<br><br>The World Factbook"," the indispensable source for basic information.""",,,,,,,,,,,,,,,,,,,,,,,,,,,,,,,,,,,,,
/the-world-factbook/countries/kazakhstan/,Kazakhstan,0,0," ""Kazakh (official", Qazaq) 80.1%, Russian 83.7%," English 35.1% (2021 est.)"""," "" <br>Әлемдік деректер кітабы", негізгі ақпараттың таптырмайтын көзі. (Kazakh)<br><br>Книга фактов о мире – незаменимый источник базовой информации. (Russian)<br><br>The World Factbook," the indispensable source for basic information.<br><br><strong>note:&nbsp;&nbsp;</strong>percentages are based on population that understands the spoken language""",,,,,,,,,,,,,,,,,,,,,,,,,,,,,,,,,,
/the-world-factbook/countries/kenya/,Kenya,1,1," ""English (official)", Kiswahili (official)," numerous indigenous languages"""," "" <br>The World Factbook", the indispensable source for basic information. (English)<br><br>The World Factbook," Chanzo cha Lazima Kuhusu Habari ya Msingi. (Kiswahili)""",,,,,,,,,,,,,,,,,,,,,,,,,,,,,,,,,,,
/the-world-factbook/countries/kiribati/,Kiribati,1,1," ""Gilbertese"," English (official)""",,,,,,,,,,,,,,,,,,,,,,,,,,,,,,,,,,,,,,,
/the-world-factbook/countries/korea-north/,"Korea,North",0,0,"Korean"," "" <br>월드 팩트북", 필수적인 기본 정보 제공처 (Korean)<br><br>The World Factbook," the indispensable source for basic information.""",,,,,,,,,,,,,,,,,,,,,,,,,,,,,,,,,,,,
/the-world-factbook/countries/korea-south/,Korea,,, South," ""Korean"," English&nbsp;"""," "" <br>월드 팩트북", 필수적인 기본 정보 제공처 (Korean)<br><br>The World Factbook," the indispensable source for basic information.""",,,,,,,,,,,,,,,,,,,,,,,,,,,,,,,,,,,
/the-world-factbook/countries/kosovo/,Kosovo,,," ""Albanian (official) 94.5%", Bosnian 1.7%, Serbian (official) 1.6%, Turkish 1.1%, other 0.9% (includes Romani)," unspecified 0.1% (2011 est.)"""," "" Libri i fakteve boterore", burimi i pazevendesueshem per informacione elementare (Albanian)<br><br>Knjiga svetskih činjenica, neophodan izvor osnovnih informacija. (Serbian)<br><br>The World Factbook," the indispensable source for basic information.""", ,,,,,,,,,,,,,,,,,,,,,,,,,,,,,,
/the-world-factbook/countries/kuwait/,Kuwait,0,1," ""Arabic (official)"," English widely spoken"""," "" <br>كتاب حقائق العالم، المصدر الذي لا يمكن الاستغناء عنه للمعلومات الأساسية (Arabic)<br><br>The World Factbook"," the indispensable source for basic information.""",,,,,,,,,,,,,,,,,,,,,,,,,,,,,,,,,,,,,
/the-world-factbook/countries/kyrgyzstan/,Kyrgyzstan,0,0," ""Kyrgyz (state language) 71.4%", Uzbek 14.4%, Russian (official language) 9%," other 5.2% (2009 est.)"""," "" <br>Дүйнөлүк фактылар китеби", негизги маалыматтын маанилүү булагы. (Kyrgyz)<br><br>The World Factbook," the indispensable source for basic information.""",,,,,,,,,,,,,,,,,,,,,,,,,,,,,,,,,,
/the-world-factbook/countries/laos/,Laos,0,0," ""Lao (official)", French, English," various ethnic languages"""," "" <br>ແຫລ່ງທີ່ຂາດບໍ່ໄດ້ສຳລັບຂໍ້ມູນຕົ້ນຕໍ່” (Lao)<br><br>The World Factbook"," the indispensable source for basic information.""",,,,,,,,,,,,,,,,,,,,,,,,,,,,,,,,,,,
/the-world-factbook/countries/latvia/,Latvia,0,0," ""Latvian (official) 56.3%", Russian 33.8%, other 0.6% (includes Polish, Ukrainian, and Belarusian)," unspecified 9.4%&nbsp; (2011 est.)"""," "" <br>World Factbook", neaizstājams avots pamata informāciju. (Latvian)<br><br>The World Factbook," the indispensable source for basic information.""", ,,,,,,,,,,,,,,,,,,,,,,,,,,,,,,,
/the-world-factbook/countries/lebanon/,Lebanon,0,0," ""Arabic (official)", French, English," Armenian"""," "" <br>كتاب حقائق العالم، المصدر الذي لا يمكن الاستغناء عنه للمعلومات الأساسية (Arabic)<br><br>The World Factbook", une source indispensable d'informations de base. (French)<br><br>The World Factbook," the indispensable source for basic information.""",,,,,,,,,,,,,,,,,,,,,,,,,,,,,,,,,,
/the-world-factbook/countries/lesotho/,Lesotho,1,0," ""Sesotho (official)", English (official), Phuthi, Xhosa," Zulu""",,,,,,,,,,,,,,,,,,,,,,,,,,,,,,,,,,,,
/the-world-factbook/countries/liberia/,Liberia,1,0," ""English 20% (official) and 27 indigenous languages"," including Liberian English variants""",,,,,,,,,,,,,,,,,,,,,,,,,,,,,,,,,,,,,,,
/the-world-factbook/countries/libya/,Libya,0,0," ""Arabic (official)", Italian, English (all widely understood in the major cities); Tamazight (Nafusi, Ghadamis, Suknah, Awjilah," Tamasheq)"""," "" <br>كتاب حقائق العالم، المصدر الذي لا يمكن الاستغناء عنه للمعلومات الأساسية (Arabic)<br><br>The World Factbook"," the indispensable source for basic information.""",,,,,,,,,,,,,,,,,,,,,,,,,,,,,,,,
/the-world-factbook/countries/liechtenstein/,Liechtenstein,0,0," ""German 91.5% (official", Alemannic is the main dialect), Italian 1.5%, Turkish 1.3%, Portuguese 1.1%," other 4.6% (2015 est.)"""," "" <br>Das World Factbook", die unverzichtbare Quelle für grundlegende Informationen. (German)<br><br>The World Factbook," the indispensable source for basic information.""",,,,,,,,,,,,,,,,,,,,,,,,,,,,,,,,
/the-world-factbook/countries/lithuania/,Lithuania,0,0," ""Lithuanian (official) 85.3%", Russian 6.8%, Polish 5.1%, other 1.1%," two mother tongues 1.7% (2021 est.)"""," "" <br>Pasaulio enciklopedija – naudingas bendrosios informacijos šaltinis. (Lithuanian)<br><br>The World Factbook"," the indispensable source for basic information.""",,,,,,,,,,,,,,,,,,,,,,,,,,,,,,,,,,
/the-world-factbook/countries/luxembourg/,Luxembourg,0,0," ""Luxembourgish (official administrative", judicial, and national language) 48.9%, Portuguese 15.4%, French (official administrative, judicial, and legislative language) 14.9%, Italian 3.6%, English 3.6%, German (official administrative and judicial language) 2.9%," other 10.8% (2021 est.)""",,,,,,,,,,,,,,,,,,,,,,,,,,,,,,
/the-world-factbook/countries/macau/,Macau,0,0," ""Cantonese 81%", Mandarin 4.7%, other Chinese dialects 5.4%, English 3.6%, Tagalog 2.9%, Portuguese 0.6%," other 1.8% (2021 est.)"""," ""世界概况", 必須擁有的基本資料参考书 (Cantonese)</p> <br>The World Factbook," the indispensable source for basic information.""", ,,,,,,,,,,,,,,,,,,,,,,,,,,,,,,
/the-world-factbook/countries/madagascar/,Madagascar,0,0," ""Malagasy (official) 99.9%", French (official) 23.6%, English 8.2%," other 0.6% (2018 est.)"""," "" shares sum to more than 100% because some respondents gave more than one answer on the census""",,,,,,,,,,,,,,,,,,,,,,,,,,,,,,,,,,,,
/the-world-factbook/countries/malawi/,Malawi,1,0," ""English (official)", Chewa (dominant), Lambya, Lomwe, Ngoni, Nkhonde, Nyakyusa, Nyanja, Sena, Tonga, Tumbuka," Yao<br><br><strong>note</strong>: Chewa and Nyanja are mutually intelligible dialects; Nkhonde and Nyakyusa are mutually intelligible dialects""",,,,,,,,,,,,,,,,,,,,,,,,,,,,,
/the-world-factbook/countries/malaysia/,Malaysia,0,0," ""Bahasa Malaysia (official)", English, Chinese (Cantonese, Mandarin, Hokkien, Hakka, Hainan, Foochow), Tamil, Telugu, Malayalam, Panjabi," Thai"""," "" <br>Buku Fakta Dunia", sumber yang diperlukan untuk maklumat asas. (Bahasa Malaysia)<br><br>The World Factbook," the indispensable source for basic information.""", ,,,,,,,,,,,,,,,,,,,,,,,,
/the-world-factbook/countries/maldives/,Maldives,0,0," ""Dhivehi (official", closely related to Sinhala, script derived from Arabic)," English (spoken by most government officials)""",,,,,,,,,,,,,,,,,,,,,,,,,,,,,,,,,,,,,
/the-world-factbook/countries/mali/,Mali,0,0," ""Bambara (official)", French 17.2%, Peuhl/Foulfoulbe/Fulani 9.4%, Dogon 7.2%, Maraka/Soninke 6.4%, Malinke 5.6%, Sonrhai/Djerma 5.6%, Minianka 4.3%, Tamacheq 3.5%, Senoufo 2.6%, Bobo 2.1%, other 6.3%," unspecified 0.7% (2009 est.)"""," "" Mali has 13 national languages in addition to its official language""",,,,,,,,,,,,,,,,,,,,,,,,,,,
/the-world-factbook/countries/malta/,Malta,1,0," ""Maltese (official) 90.1%", English (official) 6%, multilingual 3%," other 0.9% (2005 est.)""",,,,,,,,,,,,,,,,,,,,,,,,,,,,,,,,,,,,,
/the-world-factbook/countries/marshall-islands/,Marshall Islands,1,0," ""Marshallese (official) 98.2%", other languages 1.8% (1999), English (official)," widely spoken as a second language"""," "" <p><br>Bok eo an Lalin kin Melele ko Rejimwe ej jikin ebōk melele ko raurōk. (Marshallese)<br><br>The World Factbook"," the indispensable source for basic information.</p>""", ,,,,,,,,,,,,,,,,,,,,,,,,,,,,,,,,,,
/the-world-factbook/countries/mauritania/,Mauritania,0,0," ""Arabic (official and national)", Pular, Soninke, Wolof (all national languages)," French"""," "" <br>كتاب حقائق العالم، المصدر الذي لا يمكن الاستغناء عنه للمعلومات الأساسية (Arabic)<br><br>The World Factbook"," the indispensable source for basic information.""", ,,,,,,,,,,,,,,,,,,,,,,,,,,,,,,,,,
/the-world-factbook/countries/mauritius/,Mauritius,0,0," ""Creole 86.5%", Bhojpuri 5.3%, French 4.1%, two languages 1.4%, other 2.6% (includes English, one of the two official languages of the National Assembly, which is spoken by less than 1% of the population)," unspecified 0.1% (2011 est.)""",,,,,,,,,,,,,,,,,,,,,,,,,,,,,,,,,
/the-world-factbook/countries/mexico/,Mexico,0,0," ""Spanish only 93.8%", Spanish and indigenous languages (including Mayan, Nahuatl, and others) 5.4%, indigenous only 0.6%," unspecified 0.2% (2020 est.)"""," "" <br>La Libreta Informativa del Mundo", la fuente indispensable de información básica. (Spanish)<br><br>The World Factbook," the indispensable source for basic information.""",,,,,,,,,,,,,,,,,,,,,,,,,,,,,,,,
/the-world-factbook/countries/micronesia-federated-states-of/,"Micronesia, Federated States of",1,0," ""English (official and common language)", Chuukese, Kosrean, Pohnpeian, Yapese, Ulithian, Woleaian, Nukuoro," Kapingamarangi""",,,,,,,,,,,,,,,,,,,,,,,,,,,,,,,,
/the-world-factbook/countries/moldova/,Moldova,0,0," ""Moldovan/Romanian 80.2% (official) (56.7% Moldovan; 23.5% Romanian)", Russian 9.7%, Gagauz 4.2% (a Turkish language), Ukrainian 3.9%, Bulgarian 1.5%, Romani 0.3%," other 0.2% (2014)"""," "" <br>Cartea informativa a lumii", sursa indispensabila pentru informatii de baza. (Moldovan/Romanian)<br><br>The World Factbook," the indispensable source for basic information.""", ,,,,,,,,,,,,,,,,,,,,,,,,,,,,,,
/the-world-factbook/countries/monaco/,Monaco,0,0," ""French (official)", English, Italian," Monegasque"""," "" <br>The World Factbook", une source indispensable d'informations de base. (French)<br><br>The World Factbook," the indispensable source for basic information.""",,,,,,,,,,,,,,,,,,,,,,,,,,,,,,,,,,
/the-world-factbook/countries/mongolia/,Mongolia,0,0," ""Mongolian 90% (official", Khalkha dialect is predominant), Turkic," Russian (1999)"""," "" <br>Дэлхийн баримтат ном", үндсэн мэдээллийн зайлшгүй эх сурвалж. (Mongolian)<br><br>The World Factbook," the indispensable source for basic information.""",,,,,,,,,,,,,,,,,,,,,,,,,,,,,,,,,,
/the-world-factbook/countries/montenegro/,Montenegro,0,0," ""Serbian 42.9%", Montenegrin (official) 37%, Bosnian 5.3%, Albanian 5.3%, Serbo-Croat 2%, other 3.5%," unspecified 4% (2011 est.)"""," "" <br>Knjiga svetskih činjenica", neophodan izvor osnovnih informacija. (Serbian)&nbsp;<br><br>Knjiga svjetskih činjenica, neophodan izvor osnovnih informacija. (Montenegrin/Bosnian)<br><br>The World Factbook," the indispensable source for basic information.""",,,,,,,,,,,,,,,,,,,,,,,,,,,,,,
/the-world-factbook/countries/montserrat/,Montserrat,1,1," ""English""",,,,,,,,,,,,,,,,,,,,,,,,,,,,,,,,,,,,,,,,
/the-world-factbook/countries/morocco/,Morocco,0,0," ""Arabic (official)", Tamazight languages (Tamazight (official), Tachelhit, Tarifit), French (often the language of business, government," and diplomacy)"""," "" <br>كتاب ديال لحقائق متاع العالم، احسن مصدر متاع المعلومات الأساسية (Arabic)<br><br>The World Factbook"," the indispensable source for basic information.""", ,,,,,,,,,,,,,,,,,,,,,,,,,,,,,,,
/the-world-factbook/countries/mozambique/,Mozambique,0,0," ""Makhuwa 26.1%", Portuguese (official) 16.6%, Tsonga 8.6%, Nyanja 8.1, Sena 7.1%, Lomwe 7.1%, Chuwabo 4.7%, Ndau 3.8%, Tswa 3.8%, other Mozambican languages 11.8%, other 0.5%," unspecified 1.8% (2017 est.)""",,,,,,,,,,,,,,,,,,,,,,,,,,,,,
/the-world-factbook/countries/namibia/,Namibia,1,0," ""Oshiwambo languages 49.7%", Nama/Damara 11%, Kavango languages 10.4%, Afrikaans 9.4%, Herero languages 9.2%, Zambezi languages 4.9%, English (official) 2.3%, other African languages 1.5%, other European languages 0.7%," other 1% (2016 est.)"""," "" Namibia has 13 recognized national languages"," including 10 indigenous African languages and 3 European languages""",,,,,,,,,,,,,,,,,,,,,,,,,,,,,
/the-world-factbook/countries/nauru/,Nauru,0,0," ""Nauruan 93% (official", a distinct Pacific Island language), English 2% (widely understood, spoken, and used for most government and commercial purposes), other 5% (includes Gilbertese 2% and Chinese 2%) (2011 est.),data represent main language spoken at home; Nauruan is spoken by 95% of the population, English by 66%," and other languages by 12%"""," "" """,,,,,,,,,,,,,,,,,,,,,,,,,,,,,,,
/the-world-factbook/countries/nepal/,Nepal,0,0," ""Nepali (official) 44.9%", Maithali 11.1%, Bhojpuri 6.2%, Tharu 5.9%, Tamang 4.9%, Bajjika 3.9%, Avadhi 3%, Nepalbhasha (Newari) 3%, Magar Dhut 2.8%, Doteli 1.7%, Urdu 1.4%, Yakthung/Limbu 1.2%, Gurung 1.1%," other 8.9% (2021 est.) many in government and business also speak English"""," "" <br>विश्व तथ्य पुस्तक",आधारभूत जानकारीको लागि अपरिहार्य स्रोत (Nepali)<br><br>The World Factbook," the indispensable source for basic information.""", ,,,,,,,,,,,,,,,,,,,,,,,
/the-world-factbook/countries/netherlands/,Netherlands,0,0," ""Dutch (official)"," Frisian (official in Fryslan province)"""," "" Het Wereld Feitenboek", een onmisbare bron van informatie. (Dutch)<br><br>The World Factbook, the indispensable source for basic information.<br><br><strong>note: </strong>Frisian, Low Saxon, Limburgish, Romani," and Yiddish have protected status; Dutch is the official language of the three special municipalities of the Caribbean Netherlands; English is a recognized regional language on Sint Eustatius and Saba; Papiamento is a recognized regional language on Bonaire""",,,,,,,,,,,,,,,,,,,,,,,,,,,,,,,,
/the-world-factbook/countries/new-caledonia/,New Caledonia,0,0," ""French (official)"," 33 Melanesian-Polynesian dialects"""," "" <br>The World Factbook", une source indispensable d'informations de base. (French)<br><br>The World Factbook," the indispensable source for basic information.""",,,,,,,,,,,,,,,,,,,,,,,,,,,,,,,,,,,,
/the-world-factbook/countries/new-zealand/,New Zealand,1,1," ""English (de facto official) 95.4%", Maori (de jure official) 4%, Samoan 2.2%, Northern Chinese 2%, Hindi 1.5%, French 1.2%, Yue 1.1%, New Zealand Sign Language (de jure official) 0.5%," other or not stated 17.2% (2018 est.)"""," "" shares sum to 124.1% due to multiple responses on the 2018 census""",,,,,,,,,,,,,,,,,,,,,,,,,,,,,,,
/the-world-factbook/countries/nicaragua/,Nicaragua,0,0," ""Spanish (official) 99.5%", Indigenous 0.3%, Portuguese 0.1%," other 0.1% (2020 est.)"""," "" <br>La Libreta Informativa del Mundo", la fuente indispensable de información básica. (Spanish)<br><br>The World Factbook," the indispensable source for basic information.<br><br><strong>note: </strong>English and indigenous languages found on the Caribbean coast""",,,,,,,,,,,,,,,,,,,,,,,,,,,,,,,,,,
/the-world-factbook/countries/niger/,Niger,0,0," ""Hausa", Zarma, French (official), Fufulde, Tamashek, Kanuri, Gurmancema," Tagdal"""," "" represents the most-spoken languages; Niger has 10 national languages: Arabic", Buduma, Fulfuldé, Guimancema, Hausa, Kanuri, Sonay-Zarma, Tamajaq, Tassawaq," and Tubu""",,,,,,,,,,,,,,,,,,,,,,,
/the-world-factbook/countries/nigeria/,Nigeria,1,1," ""English (official)", Hausa, Yoruba, Igbo (Ibo), Fulani," over 500 additional indigenous languages""",,,,,,,,,,,,,,,,,,,,,,,,,,,,,,,,,,,
/the-world-factbook/countries/niue/,Niue,0,0," ""Niuean 46% (official", a Polynesian language closely related to Tongan and Samoan), Niuean and English 32%, English (official) 11%, Niuean and others 5%," other 6% (2011 est.)""",,,,,,,,,,,,,,,,,,,,,,,,,,,,,,,,,,,
/the-world-factbook/countries/norfolk-island/,Norfolk Island,1,0," ""English (official) 44.9%", Norfolk (official, a mixture of 18th century English and ancient Tahitian) 40.3%, Fijian 1.8%, other 6.8%," unspecified 6.2% (2016 est.)"""," "" data represent language spoken at home""",,,,,,,,,,,,,,,,,,,,,,,,,,,,,,,,,,
/the-world-factbook/countries/north-macedonia/,North Macedonia,0,0," ""Macedonian (official) 61.4%", Albanian (official) 24.3%, Turkish 3.4%, Romani 1.7%, other (includes Aromanian (Vlach) and Bosnian) 2%," unspecified 7.2% (2021 est.)"""," "" <br>Книга на Светски Факти", неопходен извор на основни информации. (Macedonian)<br><br>The World Factbook," the indispensable source for basic information.""", ,,,,,,,,,,,,,,,,,,,,,,,,,,,,,,,
/the-world-factbook/countries/northern-mariana-islands/,Northern Mariana Islands,1,0," ""Philippine languages 32.8%", Chamorro (official) 24.1%, English (official) 17%, other Pacific island languages 10.1% (includes Carolinian (official), Chinese 6.8%, other Asian languages 7.3%," other 1.9% (2010 est.)""",,,,,,,,,,,,,,,,,,,,,,,,,,,,,,,,,,
/the-world-factbook/countries/norway/,Norway,0,0," ""Bokmal Norwegian (official)", Nynorsk Norwegian (official)," small Sami- and Finnish-speaking minorities"""," "" <br>Verdens Faktabok", den essensielle kilden for grunnleggende informasjon. (Norwegian)<br><br>The World Factbook," the indispensable source for basic information.""", ,,,,,,,,,,,,,,,,,,,,,,,,,,,,,,,,,,
/the-world-factbook/countries/oman/,Oman,0,0," ""Arabic (official)", English, Baluchi, Swahili, Urdu," Indian dialects"""," "" <br>كتاب حقائق العالم، المصدر الذي لا يمكن الاستغناء عنه للمعلومات الأساسية (Arabic)<br><br>The World Factbook"," the indispensable source for basic information.""",,,,,,,,,,,,,,,,,,,,,,,,,,,,,,,,,
/the-world-factbook/countries/pakistan/,Pakistan,1,0," ""Punjabi 38.8%", Pashto (alternate name, Pashtu) 18.2%, Sindhi 14.6%, Saraiki (a Punjabi variant) 12.2%, Urdu 7.1%, Balochi 3%, Hindko 2.4%, Brahui 1.2%, other 2.4%," English (official; lingua franca of Pakistani elite and most government ministries)"""," "" <br>دنیا کا قاموس، ایک لازمی زریہ بنیادی معلومات کا (Urdu)<br><br>The World Factbook"," the indispensable source for basic information.""", ,,,,,,,,,,,,,,,,,,,,,,,,,,,
/the-world-factbook/countries/palau/,Palau,1,0," ""Palauan (official on most islands) 65.2%", other Micronesian 1.9%, English (official) 19.1%, Filipino 9.9%, Chinese 1.2%," other 2.8% (2015 est.)"""," "" Sonsoralese is official in Sonsoral; Tobian is official in Tobi; Angaur and Japanese are official in Angaur""",,,,,,,,,,,,,,,,,,,,,,,,,,,,,,,,,,
/the-world-factbook/countries/panama/,Panama,0,0," ""Spanish (official)", Indigenous languages (including Ngabere (Guaymi), Buglere, Kuna, Embera, Wounaan, Naso (Teribe), and Bri Bri), Panamanian English Creole (a mixture of English and Spanish with elements of Ngabere, also known as Guari Guari and Colon Creole), English, Chinese (Yue and Hakka), Arabic, French Creole, other (Yiddish, Hebrew, Korean," Japanese)"""," "" <br>La Libreta Informativa del Mundo", la fuente indispensable de información básica. (Spanish)<br><br>The World Factbook," the indispensable source for basic information.""",,,,,,,,,,,,,,,,,,,,
/the-world-factbook/countries/papua-new-guinea/,Papua New Guinea,1,0," ""Tok Pisin (official)", English (official), Hiri Motu (official)," some 839 living indigenous languages are spoken (about 12% of the world's total)"""," "" Tok Pisin", a creole language," is widely used and understood; English is spoken by 1%-2%; Hiri Motu is spoken by less than 2%""",,,,,,,,,,,,,,,,,,,,,,,,,,,,,,,,,,
/the-world-factbook/countries/paraguay/,Paraguay,0,0," ""Spanish (official) and Guarani (official) 46.3%", only Guarani 34%, only Spanish 15.2%, other (includes Portuguese, German, other Indigenous languages) 4.1%," no response 0.4% (2012 est.)"""," "" <br>La Libreta Informativa del Mundo", la fuente indispensable de información básica. (Spanish)<br><br>The World Factbook," the indispensable source for basic information.""", ,,,,,,,,,,,,,,,,,,,,,,,,,,,,,,
/the-world-factbook/countries/peru/,Peru,0,0," ""Spanish (official) 82.9%", Quechua (official) 13.6%, Aymara (official) 1.6%, Ashaninka 0.3%, other native languages (includes many minor Amazonian languages) 0.8%, other 0.2%, none 0.1%," unspecified 0.7% (2017 est.)"""," "" <br>La Libreta Informativa del Mundo", la fuente indispensable de información básica. (Spanish)<br><br>The World Factbook," the indispensable source for basic information.""",,,,,,,,,,,,,,,,,,,,,,,,,,,,,,
/the-world-factbook/countries/philippines/,Philippines,1,1," ""Tagalog 39.9%", Bisaya/Binisaya 16%, Hiligaynon/Ilonggo 7.3%, Ilocano 7.1%, Cebuano 6.5%, Bikol/Bicol 3.9%, Waray 2.6%, Kapampangan 2.4%, Maguindanao 1.4%, Pangasinan/Panggalato 1.3%, other languages/dialects 11.2%," unspecified 0.4% (2020 est.) unspecified Filipino (based on Tagalog) and English are official languages"""," "" <br>Ang World Factbook", ang mapagkukunan ng kailangang impormasyon. (Tagalog)<br><br>The World Factbook," the indispensable source for basic information.""",,,,,,,,,,,,,,,,,,,,,,,,,,
/the-world-factbook/countries/pitcairn-islands/,Pitcairn Islands,1,1," ""English (official)"," Pitkern (mixture of an 18th century English dialect and a Tahitian dialect)""",,,,,,,,,,,,,,,,,,,,,,,,,,,,,,,,,,,,,,,
/the-world-factbook/countries/poland/,Poland,0,0," ""Polish (official) 98.2%", Silesian 1.4%, other 1.1%," unspecified 1.2% (2011 est.)"""," "" <br>Księga Faktów Świata", niezbędne źródło podstawowych informacji. (Polish)<br><br>The World Factbook, the indispensable source for basic information.<br><br><strong>note 1: </strong>shares of languages sum to more than 100% because some respondents gave more than one answer on the census; data represent language spoken at home<br><br><strong>note 2:</strong> Poland also recognizes Kashub as a regional language; Czech, Hebrew, Yiddish, Belarusian, Lithuanian, German, Armenian, Russian, Slovak, and Ukrainian as national minority languages; and Karaim, Lemko, Romani (Polska Roma and Bergitka Roma)," and Tatar as ethnic minority languages""",,,,,,,,,,,,,,,,,,,,,,
/the-world-factbook/countries/portugal/,Portugal,0,0," ""Portuguese (official)", Mirandese (official," but locally used)""",,,,,,,,,,,,,,,,,,,,,,,,,,,,,,,,,,,,,,
/the-world-factbook/countries/puerto-rico/,Puerto Rico,1,0," ""Spanish"," English"""," "" <br>La Libreta Informativa del Mundo", la fuente indispensable de información básica. (Spanish)<br><br>The World Factbook," the indispensable source for basic information.""",,,,,,,,,,,,,,,,,,,,,,,,,,,,,,,,,,,,
/the-world-factbook/countries/qatar/,Qatar,0,1,"Arabic (official)"," English commonly used as a second language"""," "" <br>كتاب حقائق العالم، المصدر الذي لا يمكن الاستغناء عنه للمعلومات الأساسية (Arabic)<br><br>The World Factbook"," the indispensable source for basic information.""",,,,,,,,,,,,,,,,,,,,,,,,,,,,,,,,,,,,,
/the-world-factbook/countries/romania/,Romania,0,0," ""Romanian (official) 91.6%", Hungarian 6.3%, Romani 1.2%," other 0.7% (2021 est.)"""," "" <br>Cartea informativa a lumii", sursa indispensabila pentru informatii de baza. (Romanian)<br><br>The World Factbook," the indispensable source for basic information.""", ,,,,,,,,,,,,,,,,,,,,,,,,,,,,,,,,,
/the-world-factbook/countries/russia/,Russia,0,0," ""Russian (official) 85.7%", Tatar 3.2%, Chechen 1%," other 10.1% (2010 est.)"""," "" <br>Книга фактов о мире – незаменимый источник базовой информации. (Russian)<br><br>The World Factbook"," the indispensable source for basic information.""", ,,,,,,,,,,,,,,,,,,,,,,,,,,,,,,,,,,
/the-world-factbook/countries/rwanda/,Rwanda,1,1," ""Kinyarwanda (official", universal Bantu vernacular) 93.2%, French (official) &lt;0.1%, English (official) &lt;0.1%, Swahili/Kiswahili (official, used in commercial centers) &lt;0.1%, more than one language, other 6.3%," unspecified 0.3% (2002 est.)"""," "" <br>Inkoranya nzimbuzi y'isi", isoko fatizo y'amakuru y'ibanze. (Kinyarwanda)<br><br>The World Factbook," the indispensable source for basic information.""",,,,,,,,,,,,,,,,,,,,,,,,,,,,,
/the-world-factbook/countries/saint-barthelemy/,Saint Barthelemy,0,0," ""French (primary)"," English"""," "" <br>The World Factbook", une source indispensable d'informations de base. (French)<br><br>The World Factbook," the indispensable source for basic information.""",,,,,,,,,,,,,,,,,,,,,,,,,,,,,,,,,,,,
/the-world-factbook/countries/saint-helena-ascension-and-tristan-da-cunha/,"Saint Helena, Ascension, and Tristan da Cunha",1,1," ""English""",,,,,,,,,,,,,,,,,,,,,,,,,,,,,,,,,,,,,,,,
/the-world-factbook/countries/saint-kitts-and-nevis/,Saint Kitts and Nevis,1,1," ""English (official)""",,,,,,,,,,,,,,,,,,,,,,,,,,,,,,,,,,,,,,,,
/the-world-factbook/countries/saint-lucia/,Saint Lucia,1,1," ""English (official)"," Saint Lucian Creole""",,,,,,,,,,,,,,,,,,,,,,,,,,,,,,,,,,,,,,,
/the-world-factbook/countries/saint-martin/,Saint Martin,0,0," ""French (official)", Dutch, English, Guadeloupian Creole, Haitian Creole, Italian, Martiniquan Creole, Papiamento (dialect of Netherlands Antilles)," Spanish"""," "" <br>The World Factbook", une source indispensable d'informations de base. (French)<br><br>The World Factbook," the indispensable source for basic information.""",,,,,,,,,,,,,,,,,,,,,,,,,,,,,
/the-world-factbook/countries/saint-pierre-and-miquelon/,Saint Pierre and Miquelon,0,0," ""French (official)"""," "" <br>The World Factbook", une source indispensable d'informations de base. (French)<br><br>The World Factbook," the indispensable source for basic information.""",,,,,,,,,,,,,,,,,,,,,,,,,,,,,,,,,,,,,
/the-world-factbook/countries/saint-vincent-and-the-grenadines/,Saint Vincent and the Grenadines,1,1," ""English", Vincentian Creole English," French patois""",,,,,,,,,,,,,,,,,,,,,,,,,,,,,,,,,,,,,,
/the-world-factbook/countries/samoa/,Samoa,1,1," ""Samoan (Polynesian) (official) 91.1%", Samoan/English 6.7%, English (official) 0.5%, other 0.2%," unspecified 1.6% (2006 est.)""",,,,,,,,,,,,,,,,,,,,,,,,,,,,,,,,,,,,
/the-world-factbook/countries/san-marino/,San Marino,0,0," ""Italian"""," "" <br>L'Almanacco dei fatti del mondo", l'indispensabile fonte per le informazioni di base. (Italian)<br><br>The World Factbook," the indispensable source for basic information.""",,,,,,,,,,,,,,,,,,,,,,,,,,,,,,,,,,,,,
/the-world-factbook/countries/sao-tome-and-principe/,Sao Tome and Principe,0,0," ""Portuguese 98.4% (official)", Forro 36.2%, Cabo Verdian 8.5%, French 6.8%, Angolar 6.6%, English 4.9%, Lunguie 1%," other (including sign language) 2.4%; other Portuguese-based Creoles are also spoken (2012 est.)"""," "" shares of language sum to more than 100% because some respondents gave more than one answer on the census""",,,,,,,,,,,,,,,,,,,,,,,,,,,,,,,,
/the-world-factbook/countries/saudi-arabia/,Saudi Arabia,0,0," ""Arabic (official)"""," "" <br>كتاب حقائق العالم، المصدر الذي لا يمكن الاستغناء عنه للمعلومات الأساسية (Arabic)<br><br>The World Factbook"," the indispensable source for basic information.""",,,,,,,,,,,,,,,,,,,,,,,,,,,,,,,,,,,,,,
/the-world-factbook/countries/senegal/,Senegal,0,0," ""French (official)", Wolof, Pulaar, Jola, Mandinka, Serer," Soninke""",,,,,,,,,,,,,,,,,,,,,,,,,,,,,,,,,,
/the-world-factbook/countries/serbia/,Serbia,0,0," ""Serbian (official) 88.1%", Hungarian 3.4%, Bosnian 1.9%, Romani 1.4%, other 3.4%," undeclared or unknown 1.8% (2011 est.)"""," "" <br>Knjiga svetskih činjenica", neophodan izvor osnovnih informacija. (Serbian)<br><br>The World Factbook," the indispensable source for basic information.""", ,,,,,,,,,,,,,,,,,,,,,,,,,,,,,,,
/the-world-factbook/countries/seychelles/,Seychelles,1,0," ""Seychellois Creole (official) 89.1%", English (official) 5.1%, French (official) 0.7%, other 3.8%," unspecified 1.4% (2010 est.)""",,,,,,,,,,,,,,,,,,,,,,,,,,,,,,,,,,,,
/the-world-factbook/countries/sierra-leone/,Sierra Leone,1,0," ""English (official", regular use limited to literate minority), Mende (principal vernacular in the south), Temne (principal vernacular in the north), Krio (English-based Creole," spoken by the descendants of freed Jamaican slaves; a first language for 10% of the population but understood by 95%)""",,,,,,,,,,,,,,,,,,,,,,,,,,,,,,,,,,,
/the-world-factbook/countries/singapore/,Singapore,1,1," ""English (official) 48.3%", Mandarin (official) 29.9%, other Chinese dialects (includes Hokkien, Cantonese, Teochew, Hakka) 8.7%, Malay (official) 9.2%, Tamil (official) 2.5%," other 1.4% (2020 est.)"""," "" <br>The World Factbook"," the indispensable source for basic information. (English)<br><br>世界概況 &nbsp;– &nbsp;不可缺少的基本消息來源 (Mandarin)""", ,,,,,,,,,,,,,,,,,,,,,,,,,,,,,
/the-world-factbook/countries/sint-maarten/,Sint Maarten,1,1," ""English (official) 67.5%", Spanish 12.9%, Creole 8.2%, Dutch (official) 4.2%, Papiamento (a Spanish-Portuguese-Dutch-English dialect) 2.2%, French 1.5%," other 3.5% (2001 est.)""",,,,,,,,,,,,,,,,,,,,,,,,,,,,,,,,,,
/the-world-factbook/countries/slovakia/,Slovakia,0,0," ""Slovak (official) 81.8%", Hungarian 8.5%, Roma 1.8%, other 2.2%," unspecified 5.7% (2021 est.)"""," "" <br>Svetova Kniha Faktov", nenahraditelny zdroj zakladnej informacie. (Slovak)<br><br>The World Factbook," the indispensable source for basic information.""",,,,,,,,,,,,,,,,,,,,,,,,,,,,,,,,,
/the-world-factbook/countries/slovenia/,Slovenia,0,0," ""Slovene (official) 87.7%", Croatian 2.8%, Serbo-Croatian 1.8%, Bosnian 1.6%, Serbian 1.6%, Hungarian 0.4% (official, only in municipalities where Hungarian nationals reside), Italian 0.2% (official, only in municipalities where Italian nationals reside)," other or unspecified 3.9% (2002 est.)"""," "" <br>Svetovni informativni zvezek - neobhoden vir osnovnih informacij. (Slovene)<br><br>The World Factbook"," the indispensable source for basic information.""",,,,,,,,,,,,,,,,,,,,,,,,,,,,,
/the-world-factbook/countries/solomon-islands/,Solomon Islands,1,0," ""Melanesian pidgin (lingua franca in much of the country)", English (official but spoken by only 1%-2% of the population)," 120 indigenous languages""",,,,,,,,,,,,,,,,,,,,,,,,,,,,,,,,,,,,,,
/the-world-factbook/countries/somalia/,Somalia,0,0," ""Somali (official)", Arabic (official), Italian," English"""," "" <br>Buugga Xaqiiqda Aduunka", waa laga maarmaanka macluumaadka assasiga. (Somali)<br><br>The World Factbook," the indispensable source for basic information.""",,,,,,,,,,,,,,,,,,,,,,,,,,,,,,,,,,
/the-world-factbook/countries/south-africa/,South Africa,1,1," ""isiZulu or Zulu (official) 25.3%", isiXhosa or Xhosa (official) 14.8%, Afrikaans (official) 12.2%, Sepedi or Pedi (official) 10.1%, Setswana or Tswana (official) 9.1%, English (official) 8.1%, Sesotho or Sotho (official) 7.9%, Xitsonga or Tsonga (official) 3.6%, siSwati or Swati (official) 2.8%, Tshivenda or Venda (official) 2.5%, isiNdebele or Ndebele (official) 1.6%," other (includes South African sign language (official) and Khoi or Khoisan or Khoe languages) 2% (2018 est.)"""," "" <br>Die Wereld Feite Boek", n’ onontbeerlike bron vir basiese informasie. (Afrikaans)<br><br>The World Factbook," the indispensable source for basic information. (English)"""," ""&nbsp;data represent language spoken most often at home""",,,,,,,,,,,,,,,,,,,,,,,,,
/the-world-factbook/countries/south-sudan/,South Sudan,1,0," ""English (official)", Arabic (includes Juba and Sudanese variants), ethnic languages include Dinka, Nuer, Bari, Zande," Shilluk"""," "" <br>The World Factbook"," the indispensable source for basic information. (English)<br><br>كتاب حقائق العالم، المصدر الذي لا يمكن الاستغناء عنه للمعلومات الأساسية (Arabic)""",,,,,,,,,,,,,,,,,,,,,,,,,,,,,,,,
/the-world-factbook/countries/spain/,Spain,0,0," ""Castilian Spanish (official) 74%", Catalan (official in Catalonia, the Balearic Islands, and the Valencian Community) 17%, Galician (official in Galicia) 7%, Basque (official in the Basque Country and Navarre) 2%, Aranese (official in part of Catalonia) &lt;5,"000 speakers"""," "" <br>La Libreta Informativa del Mundo", la fuente indispensable de información básica. (Spanish)<br><br>The World Factbook," the indispensable source for basic information.""", ,,,,,,,,,,,,,,,,,,,,,,,,,,,,,
/the-world-factbook/countries/sri-lanka/,Sri Lanka,0,0," ""Sinhala (official) 87%", Tamil (official) 28.5%, English 23.8% (2012 est.)," English is commonly used in government and is referred to as the link language in the constitution"""," "" data represent main languages spoken by the population aged 10 years and older; shares sum to more than 100% because some respondents gave more than one answer on the census; """,,,,,,,,,,,,,,,,,,,,,,,,,,,,,,,,,,,,
/the-world-factbook/countries/sudan/,Sudan,1,0," ""Arabic (official)", English (official), Nubian, Ta Bedawie," Fur"""," "" <br>كتاب حقائق العالم، المصدر الذي لا يمكن الاستغناء عنه للمعلومات الأساسية (Arabic)<br><br>The World Factbook"," the indispensable source for basic information. (English)""",,,,,,,,,,,,,,,,,,,,,,,,,,,,,,,,,,
/the-world-factbook/countries/suriname/,Suriname,0,1," ""Dutch (official)", English (widely spoken), Sranang Tongo (Surinamese, sometimes called Taki-Taki, is the native language of Creoles and much of the younger population), Caribbean Hindustani (a dialect of Hindi)," Javanese"""," "" <br>Het Wereld Feitenboek", een omnisbare bron van informatie. (Dutch)<br><br>The World Factbook," the indispensable source for basic information. (English)""",,,,,,,,,,,,,,,,,,,,,,,,,,,,,,,
/the-world-factbook/countries/svalbard/,Svalbard,0,0," ""Norwegian"," Russian"""," "" <br>Verdens Faktabok", den essensielle kilden for grunnleggende informasjon. (Norwegian)<br><br>The World Factbook," the indispensable source for basic information.""",,,,,,,,,,,,,,,,,,,,,,,,,,,,,,,,,,,,
/the-world-factbook/countries/sweden/,Sweden,0,0," ""Swedish (official)"""," "" <br>The World Factbook", den obestridliga källan för grundläggande information. (Swedish)<br><br>The World Factbook," the indispensable source for basic information.""", ,,,,,,,,,,,,,,,,,,,,,,,,,,,,,,,,,,,,
/the-world-factbook/countries/switzerland/,Switzerland,0,0," ""German (or Swiss German) (official) 62.1%", French (official) 22.8%, Italian (official) 8%, English 5.7%, Portuguese 3.5%, Albanian 3.3%, Serbo-Croatian 2.3%, Spanish 2.3%, Romansh (official) 0.5%," other 7.9% (2019 est.)"""," "" <br>Das World Factbook", die unverzichtbare Quelle für grundlegende Informationen. (German)<br><br>The World Factbook, une source indispensable d'informations de base. (French)<br><br>L'Almanacco dei fatti del mondo, l'indispensabile fonte per le informazioni di base. (Italian)<br><br>The World Factbook," the indispensable source for basic information.<br><br><strong>note</strong>: shares sum to more than 100% because respondents could indicate more than one main language""",,,,,,,,,,,,,,,,,,,,,,,,,,
/the-world-factbook/countries/syria/,Syria,0,0," ""Arabic (official)", Kurdish, Armenian, Aramaic, Circassian, French," English"""," "" <br>كتاب حقائق العالم، المصدر الذي لا يمكن الاستغناء عنه للمعلومات الأساسية (Arabic)<br><br>ڕاستییەکانی جیهان، باشترین سەرچاوەیە بۆ زانیارییە بنەڕەتییەکان (Kurdish)<br><br>The World Factbook"," the indispensable source for basic information.""",,,,,,,,,,,,,,,,,,,,,,,,,,,,,,,,
/the-world-factbook/countries/taiwan/,Taiwan,0,0," ""Mandarin (official)", Min Nan, Hakka dialects," approximately 16 indigenous languages"""," "" <br>世界概況 &nbsp;– &nbsp;不可缺少的基本消息來源 (Mandarin)<br><br>The World Factbook"," the indispensable source for basic information.""",,,,,,,,,,,,,,,,,,,,,,,,,,,,,,,,,,,
/the-world-factbook/countries/tajikistan/,Tajikistan,0,0," ""Tajik (official) 84.4%", Uzbek 11.9%, Kyrgyz 0.8%, Russian 0.5%," other 2.4% (2010 est.)"""," "" <br>Китоби Фактҳои Ҷаҳонӣ", манбаи бебадали маълумоти асосӣ (Tajik)<br><br>The World Factbook," the indispensable source for basic information.""", ,,,,,,,,,,,,,,,,,,,,,,,,,,,,,,,,
/the-world-factbook/countries/tanzania/,Tanzania,1,1," ""Kiswahili or Swahili (official)", Kiunguja (name for Swahili in Zanzibar), English (official, primary language of commerce, administration, and higher education), Arabic," many local languages"""," "" <br>The World Factbook", Chanzo cha Lazima Kuhusu Habari ya Msingi. (Kiswahili)<br><br>The World Factbook," the indispensable source for basic information.""",,,,,,,,,,,,,,,,,,,,,,,,,,,,,,
/the-world-factbook/countries/thailand/,Thailand,0,0," ""Thai (official) only 90.7%", Thai and other languages 6.4%, only other languages 2.9% (includes Malay," Burmese); English is a secondary language among the elite (2010 est.)"""," "" <br>สารานุกรมโลก - แหล่งข้อมูลพื้นฐานที่สำคัญ (Thai)<br><br>The World Factbook"," the indispensable source for basic information.""", ,,,,,,,,,,,,,,,,,,,,,,,,,,,,,,,,,,
/the-world-factbook/countries/timor-leste/,Timor-Leste,0,0," ""Tetun Prasa 30.6%", Mambai 16.6%, Makasai 10.5%, Tetun Terik 6.1%, Baikenu 5.9%, Kemak 5.8%, Bunak 5.5%, Tokodede 4%, Fataluku 3.5%, Waima'a 1.8%, Galoli 1.4%, Naueti 1.4%, Idate 1.2%, Midiki 1.2%, other 4.5% (2015 est.)," Indonesian and English are working languages"""," "" data represent population by mother tongue; Tetun and Portuguese are official languages; ; there are about 32 indigenous languages""",,,,,,,,,,,,,,,,,,,,,,,,
/the-world-factbook/countries/togo/,Togo,0,0," ""French (official", language of commerce), Ewe and Mina (in the south)," Kabye (sometimes spelled Kabiye) and Dagomba (in the north)""",,,,,,,,,,,,,,,,,,,,,,,,,,,,,,,,,,,,,
/the-world-factbook/countries/tokelau/,Tokelau,0,0," ""Tokelauan 88.1% (a Polynesian language)", English 48.6%, Samoan 26.7%, Tuvaluan 11.2%, Kiribati 1.5%, other 2.8%, none 2.8%," unspecified 0.8% (2016 ests.)"""," "" shares sum to more than 100% because some respondents gave more than one answer on the census""",,,,,,,,,,,,,,,,,,,,,,,,,,,,,,,,
/the-world-factbook/countries/tonga/,Tonga,0,0," ""Tongan only 85%", Tongan and other language 13.9%," Tongan not used at home 1.1% (2021 est.)"""," "" data represent language use at home of persons aged 5 and older""",,,,,,,,,,,,,,,,,,,,,,,,,,,,,,,,,,,,,
/the-world-factbook/countries/trinidad-and-tobago/,Trinidad and Tobago,1,0," ""English (official)", Trinidadian Creole English, Tobagonian Creole English, Caribbean Hindustani (a dialect of Hindi), Trinidadian Creole French, Spanish," Chinese""",,,,,,,,,,,,,,,,,,,,,,,,,,,,,,,,,,
/the-world-factbook/countries/tunisia/,Tunisia,0,0," ""Arabic (official", one of the languages of commerce), French (commerce)," Tamazight"""," "" <br>كتاب حقائق العالم، أحسن كتاب تتعلم به المعلومات الأساسية (Arabic)<br><br>The World Factbook", une source indispensable d'informations de base. (French)<br><br>The World Factbook," the indispensable source for basic information.""", ,,,,,,,,,,,,,,,,,,,,,,,,,,,,,,,,,
/the-world-factbook/countries/turkey-turkiye/,Turkey (Turkiye),0,0," ""Turkish (official)", Kurdish," other minority languages"""," "" <br>The World Factbook", temel bilgi edinmek için vazgeçilmez bir kaynak. (Turkish)<br> <p>ڕاستییەکانی جیهان، باشترین سەرچاوەیە بۆ زانیارییە بنەڕەتییەکان (Kurdish)</p> <p>The World Factbook," the indispensable source for basic information.</p>""",,,,,,,,,,,,,,,,,,,,,,,,,,,,,,,,,,,
/the-world-factbook/countries/turkmenistan/,Turkmenistan,0,0," ""Turkmen (official) 72%", Russian 12%, Uzbek 9%," other 7%"""," "" <br>Dünýä Faktlar Kitaby – esasy maglumatlaryň wajyp çeşmesidir (Turkmen)<br><br>The World Factbook"," the indispensable source for basic information.""",,,,,,,,,,,,,,,,,,,,,,,,,,,,,,,,,,,
/the-world-factbook/countries/turks-and-caicos-islands/,Turks and Caicos Islands,1,0," ""English (official)""",,,,,,,,,,,,,,,,,,,,,,,,,,,,,,,,,,,,,,,,
/the-world-factbook/countries/tuvalu/,Tuvalu,1,1," ""Tuvaluan (official)", English (official), Samoan," Kiribati (on the island of Nui)""",,,,,,,,,,,,,,,,,,,,,,,,,,,,,,,,,,,,,
/the-world-factbook/countries/uganda/,Uganda,1,1," ""English (official)", Ganda or Luganda (most widely used of the Niger-Congo languages and the language used most often in the capital), other Niger-Congo languages, Nilo-Saharan languages, Swahili (official)," Arabic""",,,,,,,,,,,,,,,,,,,,,,,,,,,,,,,,,,,
/the-world-factbook/countries/ukraine/,Ukraine,0,0," ""Ukrainian (official) 67.5%", Russian (regional language) 29.6%, other (includes Crimean Tatar, Moldovan/Romanian," and Hungarian) 2.9% (2001 est.)"""," "" <br>Свiтова Книга Фактiв – найкраще джерело базової інформації. (Ukrainian)<br><br>The World Factbook"," the indispensable source for basic information.""",,,,,,,,,,,,,,,,,,,,,,,,,,,,,,,,,,
/the-world-factbook/countries/united-arab-emirates/,United Arab Emirates,0,0," ""Arabic (official)", English, Hindi, Malayalam, Urdu, Pashto, Tagalog," Persian"""," "" <br>كتاب حقائق العالم، المصدر الذي لا يمكن الاستغناء عنه للمعلومات الأساسية (Arabic)<br><br>The World Factbook"," the indispensable source for basic information.""",,,,,,,,,,,,,,,,,,,,,,,,,,,,,,,
/the-world-factbook/countries/united-kingdom/,United Kingdom,1,1," ""English"""," "" the following are recognized regional languages: Scots (about 30% of the population of Scotland)", Scottish Gaelic (about 60,000 speakers in Scotland), Welsh (about 20% of the population of Wales), Irish (about 10% of the population of Northern Ireland), Cornish (some 2,000 to 3,"000 people in Cornwall) (2012 est.)""",,,,,,,,,,,,,,,,,,,,,,,,,,,,,,,,
/the-world-factbook/countries/united-states/,United States,1,1," ""English only (official) 78.2%", Spanish 13.4%, Chinese 1.1%, other 7.3% (2017 est.)," English is the official national language as of March 2025"""," "" data represent the language spoken at home; ", but English previously had official status in 32 of the 50 states; Hawaiian is an official language in the state of Hawaii," and 20 indigenous languages are official in Alaska""",,,,,,,,,,,,,,,,,,,,,,,,,,,,,,,,,
/the-world-factbook/countries/uruguay/,Uruguay,0,0," ""Spanish (official"," Rioplatense is the most widely spoken dialect)"""," "" <br>La Libreta Informativa del Mundo", la fuente indispensable de información básica. (Spanish)<br><br>The World Factbook," the indispensable source for basic information.""",,,,,,,,,,,,,,,,,,,,,,,,,,,,,,,,,,,,
/the-world-factbook/countries/uzbekistan/,Uzbekistan,0,0," ""Uzbek (official) 74.3%", Russian 14.2%, Tajik 4.4%," other 7.1%"""," "" <br>Jahon faktlari kitobi", asosiy ma'lumotlar uchun zaruriy manba. (Uzbek)<br><br>The World Factbook," the indispensable source for basic information.""", ,,,,,,,,,,,,,,,,,,,,,,,,,,,,,,,,,
/the-world-factbook/countries/vanuatu/,Vanuatu,0,0," ""indigenous languages (more than 100) 82.6%", Bislama (official; creole) 14.5%, English (official) 2.1%," French (official) 0.8% (2020 est.)"""," "" data represent first language spoken for population aged 3 years and above""",,,,,,,,,,,,,,,,,,,,,,,,,,,,,,,,,,,,
/the-world-factbook/countries/venezuela/,Venezuela,0,0," ""Spanish (official) 98.2%", indigenous 1.3%, Portuguese 0.1%," other 0.4% (2023 est.)"""," "" <br>La Libreta Informativa del Mundo", la fuente indispensable de información básica. (Spanish)<br><br>The World Factbook," the indispensable source for basic information.""",,,,,,,,,,,,,,,,,,,,,,,,,,,,,,,,,,
/the-world-factbook/countries/vietnam/,Vietnam,0,0," ""Vietnamese (official); English (often as a second language); some French", Chinese," and Khmer; mountain-area languages (including Mon-Khmer and Malayo-Polynesian)"""," "" <br>Dữ kiện thế giới", là nguồn thông tin cơ bản không thể thiếu. (Vietnamese)<br><br>The World Factbook," the indispensable source for basic information.""",,,,,,,,,,,,,,,,,,,,,,,,,,,,,,,,,,,
/the-world-factbook/countries/virgin-islands/,Virgin Islands,1,1," ""English 71.6%", Spanish or Spanish Creole 17.2%, French or French Creole 8.6%," other 2.5% (2010 est.)""",,,,,,,,,,,,,,,,,,,,,,,,,,,,,,,,,,,,,
/the-world-factbook/countries/wallis-and-futuna/,Wallis and Futuna,0,0," ""Wallisian (indigenous Polynesian language) 58.9%", Futunian 30.1%, French (official) 10.8%," other 0.2% (2003 est.)""",,,,,,,,,,,,,,,,,,,,,,,,,,,,,,,,,,,,,
/the-world-factbook/countries/west-bank/,West Bank,0,1," ""Arabic", Hebrew (spoken by Israeli settlers and many Palestinians)," English (widely understood)"""," "" <br>كتاب حقائق العالم، المصدر الذي لا يمكن الاستغناء عنه للمعلومات الأساسية (Arabic)<br><br>The World Factbook"," the indispensable source for basic information.""",,,,,,,,,,,,,,,,,,,,,,,,,,,,,,,,,,,,
/the-world-factbook/countries/yemen/,Yemen,0,0," ""Arabic (official)"""," "" <br>كتاب حقائق العالم، المصدر الذي لا يمكن الاستغناء عنه للمعلومات الأساسية (Arabic)<br><br>The World Factbook"," the indispensable source for basic information.""", ,,,,,,,,,,,,,,,,,,,,,,,,,,,,,,,,,,,,,
/the-world-factbook/countries/zambia/,Zambia,1,0," ""Bemba 33.4%", Nyanja 14.7%, Tonga 11.4%, Lozi 5.5%, Chewa 4.5%, Nsenga 2.9%, Tumbuka 2.5%, Lunda (North Western) 1.9%, Kaonde 1.8%, Lala 1.8%, Lamba 1.8%, English (official) 1.7%, Luvale 1.5%, Mambwe 1.3%, Namwanga 1.2%, Lenje 1.1%, Bisa 1%, other 9.7%," unspecified 0.2% (2010 est.)"""," "" Zambia is said to have over 70 languages"," although many of these may be considered dialects; all of Zambia's major languages are members of the Bantu family; Chewa and Nyanja are mutually intelligible dialects""",,,,,,,,,,,,,,,,,,,,
/the-world-factbook/countries/zimbabwe/,Zimbabwe,1,0," ""Shona (official", most widely spoken) 80.9%, Ndebele (official, second most widely spoken) 11.5%, English (official, traditionally used for official business) 0.3%, 13 minority languages (official; includes Chewa, Chibarwe, Kalanga, Koisan, Nambya, Ndau, Shangani, sign language, Sotho, Tonga, Tswana, Venda, and Xhosa) 7%," other 0.3% (2022 est.)"""," "" data represent population by mother tongue""",,,,,,,,,,,,,,,,,,,,
",
",,,,,,,,,,,,,,,,,,,,,,,,,,,,,,,,,,,,,,,,,,,,
